Organism	human	human	human	human	human	human	human	human	human	human	human	human	human	human	human	human	human	human	human	human	human	human	human	human	human	human	human	human	human	human	human	human	human	human	human	human	human	human	human	human	human	human	human	human	human	human	human	human	human	human
SampleType	stool	stool	stool	stool	stool	stool	stool	stool	stool	stool	stool	stool	stool	stool	stool	stool	stool	stool	stool	stool	stool	stool	stool	stool	stool	stool	stool	stool	stool	stool	stool	stool	stool	stool	stool	stool	stool	stool	stool	stool	stool	stool	stool	stool	stool	stool	stool	stool	stool	stool
Amplicon	v1-v9	v1-v9	v1-v9	v1-v9	v1-v9	v1-v9	v1-v9	v1-v9	v1-v9	v1-v9	v1-v9	v1-v9	v1-v9	v1-v9	v1-v9	v1-v9	v1-v9	v1-v9	v1-v9	v1-v9	v1-v9	v1-v9	v1-v9	v1-v9	v1-v9	v1-v9	v1-v9	v1-v9	v1-v9	v1-v9	v1-v9	v1-v9	v1-v9	v1-v9	v1-v9	v1-v9	v1-v9	v1-v9	v1-v9	v1-v9	v1-v9	v1-v9	v1-v9	v1-v9	v1-v9	v1-v9	v1-v9	v1-v9	v1-v9	v1-v9
study_condition	CDI	CDI	CDI	H	CDI	H	H	H	H	H	CDI	CDI	H	CDI	CDI	CDI	H	H	CDI	H	CDI	CDI	H	H	CDI	H	CDI	CDI	H	CDI	CDI	CDI	CDI	H	CDI	H	H	H	H	CDI	H	CDI	H	CDI	CDI	H	H	CDI	H	H
Platform																																																		
k__;p__;c__;o__;f__;g__	0.000628140703517588	0.0	0.0	0.0	0.0	0.0	0.0	0.0003356831151393085	0.0	0.0	0.0	0.0	0.0	0.0	0.0	0.0	0.0	0.0	0.0	0.0005681818181818182	0.0	0.012168141592920354	0.0	0.0	0.0	0.0	0.0	0.0	0.0	0.0	0.0	0.0	0.0	0.0	0.0	0.0	0.0	0.0	0.0	0.0	0.0	0.0004078303425774878	0.0	0.0	0.0	0.0	0.0	0.0	0.0	0.0
k__Archaea;p__Euryarchaeota;c__Methanobacteria;o__Methanobacteriales;f__Methanobacteriaceae;g__Methanobrevibacter	0.0	0.0	0.0	0.0	0.0	0.0	0.005567928730512249	0.0	0.0	0.0	0.0	0.0	0.0	0.0	0.0	0.0	0.0	0.0	0.0	0.0	0.0	0.0	0.0	0.0	0.0	0.0	0.0	0.0	0.0	0.0	0.0	0.0	0.0	0.0	0.0	0.0	0.0	0.0	0.0	0.0	0.0	0.0	0.0	0.0	0.0	0.0	0.0	0.0	0.0	0.0
k__Bacteria;p__;c__;o__;f__;g__	0.0	0.0	0.0	0.0	0.0	0.0	0.0	0.0	0.0	0.0023485204321277596	0.0	0.00019082755549901405	0.0	0.0	0.00267103745522977	0.0	0.0	0.0	0.0	0.0	0.0	0.018805309734513276	0.0	0.0	0.0	0.0037722908093278463	0.0	0.0	0.0007186489399928135	0.0	0.0	0.0	0.0	0.0	0.0	0.0	0.0	0.0	0.0	0.0	0.0	0.0	0.0026644915715062535	0.0	0.0	0.0	0.0	0.0011380880121396055	0.003535130357931949	0.0004652399308786388
k__Bacteria;p__Actinobacteria;c__Actinobacteria;o__;f__;g__	0.0	0.0	0.0	0.0	0.0	0.0	0.0	0.0	0.0005083884087442806	0.004697040864255519	0.0	0.0	0.0015360983102918587	0.0	0.0	0.0	0.0	0.0	0.0	0.0	0.0	0.0	0.0	0.00042918454935622315	0.0	0.0	0.0	0.0	0.0	0.0	0.0	0.0	0.0	0.0	0.0	0.0	0.0	0.0	0.0	0.0	0.0	0.0	0.0	0.0	0.0	0.0	0.0	0.0	0.0	0.0
k__Bacteria;p__Actinobacteria;c__Actinobacteria;o__Actinomycetales;f__;g__	0.0	0.0	0.0	0.0	0.0008378718056137411	0.0	0.0	0.0	0.0	0.0018788163457022077	0.0	0.0	0.0	0.0	0.0	0.00033875338753387534	0.0	0.0	0.000493339911198816	0.0011363636363636363	0.0	0.0	0.0	0.00042918454935622315	0.0	0.00411522633744856	0.0	0.0	0.0007186489399928135	0.0	0.0	0.0011876484560570072	0.0	0.0	0.0	0.0	0.0	0.0	0.0	0.0	0.0	0.0	0.0	0.0	0.0004415011037527594	0.0	0.0	0.00037936267071320183	0.0	0.0
k__Bacteria;p__Actinobacteria;c__Actinobacteria;o__Actinomycetales;f__Actinomycetaceae;g__Actinobaculum	0.0	0.0	0.0	0.0	0.0	0.0	0.0	0.0	0.0	0.0	0.0	0.0	0.0	0.0	0.0	0.0	0.0	0.0	0.0	0.0	0.0	0.0	0.0	0.0	0.0	0.0	0.0	0.028852459016393443	0.0	0.0	0.0	0.0	0.0	0.0	0.0	0.0	0.0	0.0	0.0	0.0	0.0	0.0	0.0	0.0	0.0	0.0	0.0	0.0	0.0	0.0
k__Bacteria;p__Actinobacteria;c__Actinobacteria;o__Actinomycetales;f__Actinomycetaceae;g__Actinomyces	0.000628140703517588	0.0	0.0	0.00040535062829347385	0.0012568077084206116	0.0	0.0	0.0	0.0	0.0	0.0	0.0	0.0	0.0	0.0	0.0047425474254742545	5.989099838294304e-05	0.0004347826086956522	0.000986679822397632	0.016477272727272726	0.0	0.0011061946902654867	0.0	0.0	0.0	0.0	0.0017311021350259665	0.11081967213114755	0.0	0.0003885003885003885	0.0	0.005344418052256532	0.0	0.0	0.0	0.0	0.0	0.0004020908725371934	0.0	0.000361271676300578	0.0	0.0	0.0	0.05810684161199625	0.0	0.0	0.0	0.0	0.0	0.00013292569453675395
k__Bacteria;p__Actinobacteria;c__Actinobacteria;o__Actinomycetales;f__Actinomycetaceae;g__Mobiluncus	0.0	0.0	0.0	0.0008107012565869477	0.0	0.0	0.0	0.0	0.005083884087442806	0.020666979802724285	0.0	0.0	0.0015360983102918587	0.0	0.0	0.0010162601626016261	5.989099838294304e-05	0.0	0.00246669955599408	0.006818181818181818	0.0	0.0	0.0	0.002145922746781116	0.0	0.0	0.0	0.0	0.0	0.0	0.0	0.02315914489311164	0.0	0.0	0.0	0.0	0.0	0.0	0.0	0.0018063583815028901	0.005168986083499006	0.0	0.0	0.00031240237425804435	0.0026490066225165563	0.0	0.0	0.006449165402124431	0.0	0.02286321946032168
k__Bacteria;p__Actinobacteria;c__Actinobacteria;o__Actinomycetales;f__Actinomycetaceae;g__Varibaculum	0.0	0.0	0.0	0.0	0.0	0.0	0.0	0.0	0.0	0.0	0.0	0.0	0.0	0.0	0.0	0.0020325203252032522	0.0	0.0	0.0	0.0	0.0	0.0	0.0	0.0	0.0004051863857374392	0.0	0.0	0.0	0.0	0.0	0.0	0.0	0.0	0.0	0.0	0.0	0.0	0.0	0.0	0.0	0.0007952286282306163	0.0	0.0	0.0006248047485160887	0.0017660044150110375	0.0	0.0	0.0	0.0	0.0
k__Bacteria;p__Actinobacteria;c__Actinobacteria;o__Actinomycetales;f__Corynebacteriaceae;g__Corynebacterium	0.001256281407035176	0.0	0.0	0.0	0.0020946795140343527	0.0	0.0	0.008392077878482713	0.0010167768174885613	0.0	0.005448601525608427	0.0	0.0	0.0	0.0	0.0	0.0004791279870635443	0.0004347826086956522	0.0	0.0	0.0	0.0	0.0	0.0	0.0	0.0	0.004616272360069244	0.024918032786885248	0.0	0.002331002331002331	0.002066115702479339	0.02197149643705463	0.0	0.0	0.0	0.0	0.0	0.0	0.0	0.0	0.0	0.0008156606851549756	0.0	0.0009372071227741331	0.0026490066225165563	0.0	0.0	0.0007587253414264037	0.0	0.0
k__Bacteria;p__Actinobacteria;c__Actinobacteria;o__Actinomycetales;f__Micrococcaceae;g__Arthrobacter	0.0	0.0	0.0	0.0	0.0	0.0	0.0	0.0	0.0	0.0	0.0	0.0	0.0	0.0	0.0	0.0	0.0	0.0	0.0	0.0	0.0	0.0	0.0	0.0	0.0	0.00102880658436214	0.0	0.0	0.0	0.0	0.0	0.0	0.0	0.0	0.0	0.0	0.0	0.0	0.0	0.0	0.0	0.0	0.0	0.010309278350515464	0.0	0.0	0.0	0.0	0.0	0.0
k__Bacteria;p__Actinobacteria;c__Actinobacteria;o__Actinomycetales;f__Micrococcaceae;g__Nesterenkonia	0.0	0.0	0.0	0.0	0.0	0.0	0.0	0.0	0.0	0.0	0.0	0.0	0.0	0.0	0.0	0.0	0.0	0.0	0.0	0.0	0.0	0.0	0.0	0.0	0.0	0.0	0.0	0.0	0.0	0.0	0.0	0.0	0.0	0.0	0.0	0.0	0.0	0.0	0.0	0.0	0.0	0.0	0.0	0.004061230865354577	0.0	0.0	0.0	0.0	0.0	0.0
k__Bacteria;p__Actinobacteria;c__Actinobacteria;o__Actinomycetales;f__Nocardiaceae;g__Rhodococcus	0.0	0.0004116920543433512	0.0	0.0	0.00041893590280687055	0.0	0.0	0.0	0.0010167768174885613	0.0032879286049788633	0.0	0.0	0.00038402457757296467	0.0013166556945358788	0.0	0.0	0.0	0.0	0.0	0.0	0.0	0.0	0.0	0.0	0.0	0.0	0.0	0.0019672131147540984	0.0	0.0	0.0027548209366391185	0.0	0.0	0.0	0.0	0.0	0.0	0.0	0.0	0.0	0.0	0.0	0.0	0.0	0.0	0.0	0.0	0.0015174506828528073	0.0	0.0
k__Bacteria;p__Actinobacteria;c__Actinobacteria;o__Bifidobacteriales;f__Bifidobacteriaceae;g__	0.008165829145728644	0.0	0.0	0.0	0.0	0.0	0.0	0.0	0.0	0.0	0.0	0.0	0.0	0.0	0.0	0.0006775067750677507	0.0	0.0	0.000986679822397632	0.0	0.0	0.0	0.18129770992366412	0.013733905579399141	0.0	0.0	0.0	0.0	0.0010779734099892204	0.0	0.0013774104683195593	0.1680522565320665	0.0	0.0	0.0	0.0	0.0	0.0	0.0	0.0	0.0	0.004486133768352365	0.0	0.0	0.0	0.0	0.0	0.0	0.0	0.0
k__Bacteria;p__Actinobacteria;c__Actinobacteria;o__Bifidobacteriales;f__Bifidobacteriaceae;g__Bifidobacterium	0.000628140703517588	0.0008233841086867024	0.0	0.00040535062829347385	0.0	0.0	0.0	0.0	0.0	0.0	0.0010897203051216855	0.0	0.0	0.0	0.0	0.0	0.0	0.0	0.000986679822397632	0.0005681818181818182	0.0	0.0	0.0	0.0	0.0	0.0	0.0	0.0	0.0	0.0	0.0006887052341597796	0.008907363420427554	0.0	0.0	0.0	0.0	0.0	0.0	0.0	0.001083815028901734	0.0	0.0004078303425774878	0.0	0.18275538894095594	0.0	0.0	0.0	0.0	0.0	0.0
k__Bacteria;p__Actinobacteria;c__Actinobacteria;o__Coriobacteriales;f__Coriobacteriaceae;g__	0.0	0.0	0.0	0.0	0.0	0.0	0.0	0.0	0.0	0.0	0.0	0.0	0.0	0.0	0.0	0.0	0.0	0.0	0.0	0.0	0.0	0.0	0.0	0.0	0.0	0.0	0.0	0.0	0.0	0.0	0.0	0.0	0.0	0.0	0.0	0.0	0.0	0.0	0.0	0.0	0.0	0.0	0.0006525285481239804	0.0	0.0	0.0	0.0	0.0	0.0	0.0
k__Bacteria;p__Actinobacteria;c__Actinobacteria;o__Coriobacteriales;f__Coriobacteriaceae;g__Atopobium	0.0	0.0	0.0	0.0	0.0	0.0	0.0	0.0	0.0	0.0018788163457022077	0.0	0.0	0.00038402457757296467	0.0	6.0705396709767496e-05	0.0	0.0	0.0	0.0	0.0	0.0	0.0	0.0015903307888040711	0.00042918454935622315	0.0	0.0	0.0	0.0	0.0	0.000777000777000777	0.0	0.0	0.012213285671730712	0.0	0.0	0.0	0.0	0.0008041817450743868	0.0	0.002167630057803468	0.0	0.14926590538336051	0.0	0.0	0.0004415011037527594	0.0	0.0	0.0	0.0	0.0
k__Bacteria;p__Bacteroidetes;c__;o__;f__;g__	0.0	0.0	0.0	0.0	0.0	0.0	0.0	0.0	0.0005083884087442806	0.0037576326914044154	0.0	0.0	0.00038402457757296467	0.0	0.0	0.0	5.989099838294304e-05	0.0	0.0	0.0	0.0	0.0	0.0	0.0008583690987124463	0.0	0.0	0.0	0.0	0.0	0.0	0.0	0.0	0.0012660113196306226	0.0	0.0	0.0	0.0	0.0	0.0	0.0	0.0	0.0	0.16286025013594346	0.0	0.0	0.0	0.000380910921260271	0.010622154779969651	0.04639858594785683	0.0
k__Bacteria;p__Bacteroidetes;c__Bacteroidia;o__Bacteroidales;f__;g__	0.0	0.0	0.0	0.0	0.0	0.0	0.0	0.0	0.0	0.015969938938468764	0.0	0.0	0.0015360983102918587	0.0	0.0	0.0	0.0	0.0	0.0	0.0	0.0	0.0	0.0	0.0030042918454935624	0.0	0.0	0.0	0.0	0.0	0.0	0.0	0.0	0.0	0.0	0.0	0.0	0.0	0.0	0.0	0.0	0.0	0.0	0.0	0.0	0.0	0.0	0.0	0.0	0.0	0.0
k__Bacteria;p__Bacteroidetes;c__Bacteroidia;o__Bacteroidales;f__Bacteroidaceae;g__Bacteroides	0.042713567839195984	0.4392754219843557	0.7725055204642322	0.6274827725982978	0.13154587348135735	0.45533254624163716	0.2030438010393467	0.1423296408190668	0.07015760040671074	0.018318459370596528	0.038503450780966224	0.05031486546657339	0.1539938556067589	0.17643186306780778	0.18636556789898628	0.0040650406504065045	0.16883272444151634	0.04739130434782608	0.0029600394671928957	0.05795454545454545	0.061608300907911806	0.06194690265486726	0.09414758269720101	0.00815450643776824	0.0	0.27057613168724276	0.0	0.0	0.5303629177146965	0.019036519036519036	0.46556473829201095	0.006532066508313539	0.6456657730116174	0.6715452688904017	0.0	0.13761210762331835	0.6217494089834505	0.16485725774024937	0.5023632680621204	0.001083815028901734	0.11530815109343935	0.35970636215334406	0.38064165307232195	0.0006248047485160887	0.0004415011037527594	0.07177225340817961	0.001741307068618382	0.07814871016691957	0.03137428192664605	0.06353848198856842
k__Bacteria;p__Bacteroidetes;c__Bacteroidia;o__Bacteroidales;f__Porphyromonadaceae;g__	0.0	0.0	0.0	0.0	0.0	0.0003935458480913026	0.0	0.0003356831151393085	0.0630401626842908	0.07468294974166276	0.0	0.0	0.009216589861751152	0.0	0.0	0.0	5.989099838294304e-05	0.0	0.0	0.0	0.0	0.0	0.0	0.01072961373390558	0.0	0.0003429355281207133	0.0	0.0	0.0	0.0	0.0	0.0	0.0	0.0	0.0	0.004484304932735426	0.0	0.0	0.0	0.0	0.013518886679920477	0.0	5.43773790103317e-05	0.0	0.0	0.0012028869286287089	0.0	0.0	0.0	0.014688289246311312
k__Bacteria;p__Bacteroidetes;c__Bacteroidia;o__Bacteroidales;f__Porphyromonadaceae;g__Barnesiella	0.0	0.004528612597776863	0.03815539464900118	0.02877989460883664	0.009635525764558023	0.0	0.024870081662954714	0.0	0.0025419420437214034	0.008924377642085486	0.0003632401017072285	0.02149990458622225	0.001152073732718894	0.0	0.007588174588720937	0.0	0.0035335689045936395	0.0013043478260869566	0.0	0.0	0.0	0.00663716814159292	0.001272264631043257	0.0012875536480686693	0.0	0.004458161865569273	0.0	0.0	0.001437297879985627	0.0	0.0	0.0	0.0	0.0	0.0	0.0	0.009456264775413711	0.0004020908725371934	0.0	0.0	0.0	0.0	0.007830342577487765	0.0	0.0	0.002004811547714515	0.0	0.00037936267071320183	0.003535130357931949	0.00033231423634188487
k__Bacteria;p__Bacteroidetes;c__Bacteroidia;o__Bacteroidales;f__Porphyromonadaceae;g__Butyricimonas	0.0	0.015232606010703994	0.002105479381708006	0.0064856100526955816	0.0	0.01023219205037387	0.004825538233110616	0.0	0.0005083884087442806	0.0	0.0010897203051216855	0.012403791107435913	0.0	0.0	0.002306805074971165	0.009485094850948509	0.0	0.0	0.0054267390231869765	0.0	0.0	0.035398230088495575	0.0	0.0	0.05064829821717991	0.0075445816186556925	0.0	0.0	0.0	0.0	0.0	0.0	0.0	0.0	0.0	0.0	0.0070921985815602835	0.0	0.0	0.0	0.00039761431411530816	0.0020391517128874386	0.0	0.0	0.0	0.0	0.0	0.01479514415781487	0.0	0.00033231423634188487
k__Bacteria;p__Bacteroidetes;c__Bacteroidia;o__Bacteroidales;f__Porphyromonadaceae;g__Odoribacter	0.0	0.0012350761630300535	0.0	0.007296311309282529	0.0	0.0027548209366391185	0.022642910170749816	0.0023497818059751594	0.0005083884087442806	0.0	0.0	0.00012721837033267605	0.0	0.0	0.0044314939598130276	0.0	5.989099838294304e-05	0.0017391304347826088	0.0	0.0	0.0	0.01327433628318584	0.0006361323155216285	0.0	0.0	0.010631001371742114	0.0	0.0	0.00035932446999640676	0.0	0.0	0.0	0.0	0.018039482641252554	0.0	0.002522421524663677	0.0	0.014877362283876157	0.0006752194463200541	0.0	0.0	0.0	0.0002175095160413268	0.0	0.0	0.0	5.441584589432443e-05	0.005690440060698027	0.0026513477684489617	0.0
k__Bacteria;p__Bacteroidetes;c__Bacteroidia;o__Bacteroidales;f__Porphyromonadaceae;g__Parabacteroides	0.0	0.06340057636887608	0.09854670569506496	0.03688690717470612	0.00921658986175115	0.06926406926406926	0.09688195991091314	0.016784155756965423	0.026944585663446874	0.004227336777829967	0.000726480203414457	0.03593918961898098	0.0030721966205837174	0.0013166556945358788	0.07193589510107448	0.0016937669376693768	0.022758579385518358	0.012173913043478262	0.0	0.0011363636363636363	0.0	0.0011061946902654867	0.0019083969465648856	0.0017167381974248926	0.0	0.05109739368998628	0.0	0.0	0.0007186489399928135	0.0	0.0	0.0	0.00044682752457551384	0.03982300884955753	0.0	0.007567264573991031	0.05358550039401103	0.05468435866505831	0.09385550303848751	0.0	0.005964214711729622	0.0	0.10685154975530178	0.0	0.0	0.0056134723336006415	0.0047341785928062255	0.3952959028831563	0.007954043305346884	0.01781204306792503
k__Bacteria;p__Bacteroidetes;c__Bacteroidia;o__Bacteroidales;f__Porphyromonadaceae;g__Porphyromonas	0.0	0.0	0.0002567657782570739	0.0	0.0	0.029515938606847696	0.0	0.0	0.03914590747330961	0.016909347111319868	0.0003632401017072285	0.0	0.00038402457757296467	0.0	0.00012141079341953499	0.0	0.00011978199676588608	0.0	0.05772076961026147	0.014772727272727272	0.0	0.0	0.0009541984732824428	0.0030042918454935624	0.0	0.00411522633744856	0.0	0.0	0.0	0.0	0.0	0.0	0.06054512957998213	0.0003403675970047651	0.0	0.0	0.0003940110323089047	0.0	0.0	0.000361271676300578	0.02147117296222664	0.0004078303425774878	0.001087547580206634	0.0	0.0	0.0012028869286287089	0.0	0.04704097116843703	0.0	0.08779742124152598
k__Bacteria;p__Bacteroidetes;c__Bacteroidia;o__Bacteroidales;f__Prevotellaceae;g__	0.0	0.0008233841086867024	0.004878549786884403	0.0064856100526955816	0.03016338500209468	0.01652892561983471	0.012249443207126948	0.0	0.039654295882053894	0.0023485204321277596	0.0	0.0	0.0015360983102918587	0.0	0.0	0.023035230352303523	0.00017967299514882912	0.021304347826086957	0.22200296003946718	0.17670454545454545	0.0	0.00331858407079646	0.0006361323155216285	0.0012875536480686696	0.0004051863857374392	0.0013717421124828533	0.0	0.0	0.0	0.0	0.0	0.0	0.0013404825737265416	0.0	0.0	0.0	0.001182033096926714	0.06554081222356252	0.0	0.0025289017341040463	0.0341948310139165	0.004078303425774877	0.0012506797172376289	0.0	0.0	0.002004811547714515	0.0	0.0	0.0	0.012627940980991625
k__Bacteria;p__Bacteroidetes;c__Bacteroidia;o__Bacteroidales;f__Prevotellaceae;g__Paraprevotella	0.0	0.023878139151914366	0.0	0.0	0.0	0.0007870916961826052	0.0	0.0	0.002541942043721403	0.0	0.0018162005085361425	0.0	0.002688172043010753	0.0006583278472679394	0.0	0.0	0.0	0.0	0.0	0.0	0.0	0.0	0.0003180661577608143	0.0	0.0	0.0030864197530864196	0.0	0.0	0.0	0.0	0.0	0.0	0.0	0.0	0.0	0.0	0.0	0.0	0.0	0.0	0.0	0.0	0.0	0.0	0.0	0.0012028869286287089	0.0	0.0030349013657056147	0.007954043305346884	0.0
k__Bacteria;p__Bacteroidetes;c__Bacteroidia;o__Bacteroidales;f__Prevotellaceae;g__Prevotella	0.0	0.0008233841086867024	0.00041082524521131823	0.09160924199432507	0.1889400921658986	0.09169618260527351	0.028210838901262063	0.026854649211144683	0.021860701576004067	0.0	0.0003632401017072285	0.00031804592583169016	0.0007680491551459293	0.0019749835418038184	0.0010319917440660474	0.13516260162601623	0.21219380727076717	0.021304347826086957	0.30636408485446476	0.06420454545454546	0.0	0.015486725663716814	0.2169211195928753	0.004721030042918455	0.009724473257698542	0.0017146776406035665	0.0	0.0	0.00035932446999640676	0.7206682206682207	0.0	0.0	0.016830503425677684	0.02110279101429544	0.00043687199650502403	0.6774103139013453	0.0591016548463357	0.10735826296743065	0.019918973666441592	0.0028901734104046237	0.18966202783300198	0.16924959216965743	0.02620989668297988	0.0009372071227741331	0.0	0.43544506816359263	0.03215976492354574	0.0	0.0	0.09331383756480129
k__Bacteria;p__Bacteroidetes;c__Bacteroidia;o__Bacteroidales;f__Rikenellaceae;g__Alistipes	0.0	0.044462741869081925	0.013608586247624916	0.008512363194162952	0.018433179723502308	0.018496654860291225	0.013363028953229397	0.01141322591473649	0.004575495678698525	0.01925786754344763	0.0010897203051216855	0.0011449653329940845	0.003456221198156682	0.003291639236339697	0.001335518727614885	0.04505420054200542	0.0033538959094448107	0.0004347826086956522	0.027627035027133696	0.0011363636363636363	0.0	0.1515486725663717	0.0009541984732824427	0.0030042918454935624	0.25810372771474877	0.056241426611796985	0.0	0.0	0.002515271289974847	0.0	0.0	0.0	0.0002978850163836759	0.03880190605854323	0.0	0.007006726457399103	0.0031520882584712374	0.0	0.020931802835921675	0.0	0.006361829025844931	0.0004078303425774878	0.017020119630233824	0.0	0.0	0.009222133119486768	5.441584589432443e-05	0.007207890743550835	0.01104728236853734	0.0008640170144889007
k__Bacteria;p__Cyanobacteria/Chloroplast;c__Cyanobacteria;o__;f__;g__	0.0	0.0	0.0	0.0	0.0	0.0	0.0	0.0	0.0	0.0	0.0	0.0	0.0	0.0	0.0041279669762641896	0.0	0.0	0.0	0.0	0.0	0.0	0.0	0.0	0.0	0.0	0.0	0.0	0.0	0.0	0.0	0.0	0.0	0.0	0.0	0.0	0.0	0.0	0.0	0.0	0.0	0.0	0.0	0.0	0.0	0.0	0.0	0.0	0.0	0.0	0.0
k__Bacteria;p__Firmicutes;c__;o__;f__;g__	0.0	0.0	0.0	0.0	0.0	0.0	0.024870081662954714	0.0010070493454179255	0.003050330452465684	0.025833724753405354	0.0	0.0	0.004224270353302612	0.0	0.003520913009166515	0.0	0.0	0.00782608695652174	0.0	0.0005681818181818182	0.0	0.0	0.0009541984732824427	0.004291845493562232	0.0	0.014060356652949245	0.0	0.0	0.00035932446999640676	0.0	0.0	0.0	0.0	0.0	0.0	0.002802690582959641	0.0	0.0	0.0	0.0	0.0007952286282306163	0.0012234910277324632	0.0036976617727025552	0.0	0.0	0.0	0.0	0.011380880121396056	0.009279717189571365	0.00033231423634188487
k__Bacteria;p__Firmicutes;c__Bacilli;o__;f__;g__	0.0	0.0	0.0	0.0	0.0	0.0	0.0	0.0	0.0	0.0	0.000726480203414457	0.0	0.0	0.0006583278472679394	0.0	0.0	0.0003593459902976583	0.0	0.0	0.0005681818181818182	0.0006485084306095979	0.0	0.0	0.0	0.0	0.0	0.0005770340450086555	0.0	0.0	0.0003885003885003885	0.002066115702479339	0.0	0.0	0.0	0.0017474879860200961	0.0	0.0003940110323089047	0.0008041817450743868	0.0	0.0018063583815028901	0.0	0.0008156606851549756	0.0	0.0006248047485160887	0.0017660044150110375	0.0	0.00010883169178864886	0.0	0.0004418912947414936	0.0
k__Bacteria;p__Firmicutes;c__Bacilli;o__Bacillales;f__Bacillaceae_1;g__Bacillus	0.013190954773869347	0.0	0.0	0.0	0.0	0.0	0.0	0.0	0.0	0.0	0.0	0.0	0.0	0.0	0.0	0.0	0.0	0.0	0.0	0.0	0.054474708171206226	0.0	0.0	0.0	0.0	0.0003429355281207133	0.0	0.0	0.0	0.0	0.014462809917355372	0.0029691211401425177	0.0	0.0	0.0	0.0	0.0	0.0	0.0	0.0	0.0	0.0	0.0	0.0	0.0	0.0	5.441584589432443e-05	0.0	0.0	0.0
k__Bacteria;p__Firmicutes;c__Bacilli;o__Bacillales;f__Bacillales_Incertae_Sedis_XI;g__Gemella	0.005025125628140704	0.0	0.0	0.0	0.0	0.0	0.0	0.0	0.0	0.0009394081728511038	0.0	0.0	0.001152073732718894	0.0	0.0023675104716809323	0.0	0.0	0.0	0.008880118401578688	0.0	0.0	0.0	0.01049618320610687	0.0	0.0	0.0006858710562414266	0.0005770340450086555	0.02819672131147541	0.0010779734099892202	0.0	0.0	0.0	0.0	0.0	0.0	0.0	0.0003940110323089047	0.0	0.0	0.0	0.0	0.0	0.0	0.0	0.0	0.0	0.0	0.0	0.0	0.0
k__Bacteria;p__Firmicutes;c__Bacilli;o__Bacillales;f__Paenibacillaceae_1;g__Paenibacillus	0.019472361809045227	0.0	0.0	0.0	0.0	0.0	0.0	0.0	0.0	0.0	0.0	0.0	0.0	0.0	0.0	0.0	0.0	0.0	0.0	0.0	0.04669260700389105	0.0	0.0	0.0	0.0	0.0	0.0	0.0	0.0	0.0	0.013085399449035813	0.005344418052256532	0.0	0.0	0.0	0.0	0.0	0.0	0.0	0.0	0.0	0.0	0.0	0.0	0.0	0.0	0.0	0.0	0.0	0.0
k__Bacteria;p__Firmicutes;c__Bacilli;o__Bacillales;f__Staphylococcaceae;g__Staphylococcus	0.008165829145728644	0.0004116920543433512	0.0	0.00040535062829347385	0.0	0.0035419126328217238	0.0	0.0	0.0	0.0	0.0010897203051216855	0.052095922651230836	0.0	0.005924950625411455	0.00012141079341953499	0.0	0.0	0.0	0.003946719289590528	0.0	0.01232166018158236	0.00663716814159292	0.0	0.006437768240343348	0.0	0.0003429355281207133	0.0	0.0	0.00035932446999640676	0.0	0.12190082644628099	0.004156769596199525	0.0003723562704795949	0.0	0.0	0.0	0.0	0.0	0.0	0.002890173410404624	0.00039761431411530816	0.0	0.0	0.00031240237425804435	0.0	0.00040096230954290296	0.0005985743048375688	0.015174506828528073	0.0	0.002392662501661571
k__Bacteria;p__Firmicutes;c__Bacilli;o__Lactobacillales;f__;g__	0.0	0.0004116920543433512	0.0	0.0012160518848804217	0.0	0.0	0.0003711952487008166	0.0	0.0	0.0	0.001452960406828914	0.0	0.009216589861751152	0.0013166556945358788	0.0	0.0006775067750677507	0.0002395639935317722	0.0013043478260869566	0.0	0.0005681818181818182	0.0006485084306095979	0.0	0.0	0.002145922746781116	0.0	0.0003429355281207133	0.0	0.0	0.0	0.000777000777000777	0.0	0.0059382422802850355	0.0	0.0	0.0030581039755351682	0.0	0.0	0.0004020908725371934	0.0	0.003251445086705202	0.0	0.0	0.0	0.015307716338644174	0.0026490066225165563	0.0	0.000380910921260271	0.0	0.0	0.0
k__Bacteria;p__Firmicutes;c__Bacilli;o__Lactobacillales;f__Aerococcaceae;g__	0.0	0.0	0.0	0.0	0.0	0.0	0.0	0.0	0.0	0.0	0.0	0.0	0.0	0.0	0.0	0.0	0.0	0.0	0.0	0.0	0.0	0.0	0.05947837150127226	0.0	0.0	0.0	0.0	0.0	0.0	0.0	0.0	0.0	0.0	0.0	0.0	0.0	0.0	0.0	0.0	0.0	0.0	0.0	0.0	0.0	0.0	0.0	0.0	0.0	0.0	0.0
k__Bacteria;p__Firmicutes;c__Bacilli;o__Lactobacillales;f__Aerococcaceae;g__Abiotrophia	0.0	0.0004116920543433512	0.0	0.0	0.0	0.0	0.0	0.0	0.0	0.0	0.0	0.0	0.0	0.0	0.0	0.0	0.0	0.0	0.0	0.0	0.0	0.0	0.0	0.0	0.0	0.0	0.0	0.0	0.0	0.0	0.0	0.0	0.0	0.0	0.0	0.0	0.0	0.0	0.0	0.0	0.0	0.0	0.0	0.19056544829740707	0.0	0.0	0.0	0.0	0.0	0.0
k__Bacteria;p__Firmicutes;c__Bacilli;o__Lactobacillales;f__Aerococcaceae;g__Facklamia	0.0	0.0	0.0	0.0	0.0008378718056137411	0.0	0.0	0.0	0.0	0.0	0.0003632401017072285	0.0	0.0	0.0	0.0	0.0010162601626016261	0.00011978199676588608	0.0	0.0	0.01818181818181818	0.0	0.0	0.0003180661577608143	0.0	0.0004051863857374392	0.0013717421124828531	0.0	0.0045901639344262295	0.0	0.0	0.0	0.0023752969121140144	0.0	0.0	0.0	0.0	0.0	0.0	0.0	0.0	0.0	0.0	0.0	0.008747266479225243	0.0	0.00040096230954290296	0.0	0.00037936267071320183	0.0	0.0
k__Bacteria;p__Firmicutes;c__Bacilli;o__Lactobacillales;f__Enterococcaceae;g__	0.0	0.0	0.0	0.0	0.00041893590280687055	0.0	0.0	0.000671366230278617	0.0	0.0	0.007628042135851798	0.0	0.0	0.005266622778143514	0.0	0.0040650406504065045	0.0007785829789782593	0.002173913043478261	0.001973359644795264	0.007954545454545455	0.0006485084306095979	0.0	0.0	0.0	0.0	0.0	0.0057703404500865545	0.003934426229508197	0.0	0.003885003885003885	0.0006887052341597796	0.002969121140142518	0.0005957700327673518	0.0	0.015727391874180863	0.0	0.0	0.003216726980297547	0.0	0.012644508670520227	0.0	0.0028548123980424145	0.0	0.0021868166198063103	0.013245033112582783	0.0	0.006421069815530283	0.0	0.0030932390631904553	0.00013292569453675395
k__Bacteria;p__Firmicutes;c__Bacilli;o__Lactobacillales;f__Enterococcaceae;g__Enterococcus	0.1099246231155779	0.11033347056401813	5.135315565141478e-05	0.008107012565869477	0.05739421868454127	0.0023612750885478157	0.01967334818114328	0.04833836858006043	0.0	0.0004697040864255519	0.33708681438430804	0.0	0.0	0.7662936142198814	0.0	0.11686991869918699	0.04851170869018387	0.08565217391304349	0.030587074494326592	0.16931818181818184	0.09922178988326849	0.011061946902654867	0.0	0.008583690987124463	0.005672609400324149	0.0	0.27813040969417197	0.21377049180327867	0.00035932446999640676	0.18104118104118105	0.04338842975206612	0.0991686460807601	0.01712838844206136	0.0	0.9305373525557014	0.0	0.01182033096926714	0.085243264977885	0.0	0.6343930635838151	0.00039761431411530816	0.05628058727569331	0.0001631321370309951	0.10153077163386443	0.6083885209713024	0.0	0.17070250857049574	0.015553869499241275	0.11489173663278834	0.0019274225707829322
k__Bacteria;p__Firmicutes;c__Bacilli;o__Lactobacillales;f__Enterococcaceae;g__Tetragenococcus	0.014447236180904523	0.0	0.0	0.0	0.00041893590280687055	0.0003935458480913026	0.0	0.0	0.0010167768174885613	0.0	0.0	0.0	0.001152073732718894	0.0006583278472679394	0.000607053967097675	0.0	0.0	0.004347826086956522	0.0	0.01534090909090909	0.0	0.0	0.0	0.002575107296137339	0.0	0.0	0.0	0.01901639344262295	0.0	0.0	0.0	0.0023752969121140144	0.01690497467977361	0.0	0.0	0.0	0.0	0.0004020908725371934	0.0	0.000361271676300578	0.0	0.0	0.0	0.08278662917838175	0.0	0.0	0.0	0.0	0.0	0.0
k__Bacteria;p__Firmicutes;c__Bacilli;o__Lactobacillales;f__Lactobacillaceae;g__Lactobacillus	0.0	0.0	0.0	0.006080259424402108	0.009635525764558023	0.0	0.0	0.0	0.001525165226232842	0.004697040864255519	0.0	0.0	0.09984639016897082	0.0	0.0	0.0	5.989099838294304e-05	0.0	0.000986679822397632	0.15397727272727274	0.0012970168612191958	0.0	0.19815521628498728	0.2935622317596567	0.0	0.0003429355281207133	0.002308136180034622	0.013114754098360656	0.0	0.001554001554001554	0.0013774104683195593	0.27731591448931114	0.0008191837950551087	0.0	0.01616426387068589	0.0	0.0015760441292356187	0.0	0.0	0.008670520231213872	0.0011928429423459245	0.0004078303425774878	5.43773790103317e-05	0.025304592314901595	0.0	0.0012028869286287089	0.00016324753768297328	0.0	0.0	0.0
k__Bacteria;p__Firmicutes;c__Bacilli;o__Lactobacillales;f__Lactobacillaceae;g__Pediococcus	0.0	0.0	0.0	0.0	0.0	0.0	0.0	0.0	0.0	0.0	0.0	0.0	0.0	0.0	0.0	0.0	0.0	0.0	0.0	0.0	0.0006485084306095979	0.0	0.0	0.0	0.0	0.0	0.0	0.0	0.0	0.0	0.0	0.032660332541567694	0.0	0.0	0.0	0.0	0.0	0.0	0.0	0.0	0.0	0.0	0.0	0.0	0.0	0.0	0.0	0.0	0.0	0.0
k__Bacteria;p__Firmicutes;c__Bacilli;o__Lactobacillales;f__Leuconostocaceae;g__Weissella	0.0	0.0	0.0	0.0	0.0	0.0	0.0	0.0	0.0	0.0	0.0	0.0	0.0007680491551459293	0.0	0.0	0.0	0.0	0.0	0.0	0.0	0.0	0.0	0.0	0.0	0.0	0.0	0.0	0.0	0.0	0.0	0.0	0.0	0.0	0.0	0.0	0.0	0.0	0.0	0.0	0.0	0.0	0.0	0.0	0.0	0.0	0.0	0.0	0.0	0.06363234644277507	0.0
k__Bacteria;p__Firmicutes;c__Bacilli;o__Lactobacillales;f__Streptococcaceae;g__Lactococcus	0.0	0.0	0.0	0.0	0.0	0.0	0.0	0.0	0.0	0.0	0.0	0.0019082755549901405	0.0	0.0006583278472679394	0.0	0.0	0.0	0.0	0.0	0.0	0.0	0.0	0.0	0.002575107296137339	0.0	0.0	0.0	0.0	0.0	0.0	0.0	0.0	0.0	0.0	0.0	0.0	0.0	0.0	0.0	0.00541907514450867	0.0	0.0	0.0	0.0	0.0	0.0	0.0	0.0	0.0	0.0
k__Bacteria;p__Firmicutes;c__Bacilli;o__Lactobacillales;f__Streptococcaceae;g__Streptococcus	0.09484924623115577	0.0012350761630300535	0.0	0.0008107012565869477	0.027649769585253454	0.003148366784730421	0.09836674090571641	0.000671366230278617	0.024911032028469754	0.09394081728511038	0.000726480203414457	0.00012721837033267605	0.1747311827956989	0.0006583278472679394	0.07157166272081589	0.05047425474254742	0.0008384739773612027	0.01	0.026147015293537246	0.00909090909090909	0.0	0.024336283185840708	0.037531806615776084	0.18197424892703865	0.00486223662884927	0.04663923182441702	0.002308136180034622	0.2019672131147541	0.0021559468199784408	0.024087024087024088	0.0	0.040973871733966744	0.0013404825737265416	0.0020422055820285907	0.0008737439930100481	0.01289237668161435	0.0003940110323089047	0.010052271813429835	0.00033760972316002703	0.02203757225433526	0.0011928429423459245	0.002854812398042414	0.0002718868950516585	0.1468291159012808	0.02869757174392936	0.02165196471531676	0.1765794199270828	0.007966616084977238	0.22978347326557666	0.00019938854180513092
k__Bacteria;p__Firmicutes;c__Clostridia;o__;f__;g__	0.0	0.0	0.0	0.0	0.0	0.0	0.005196733481811433	0.0	0.0010167768174885613	0.011272898074213245	0.0	0.0	0.0019201228878648233	0.0	0.0003035269835488375	0.0	0.0	0.0	0.0	0.0	0.0	0.0	0.0	0.002145922746781116	0.0	0.0	0.0	0.0	0.0	0.0	0.0	0.0	0.0	0.0	0.0	0.0	0.0	0.0	0.0	0.0	0.0	0.0	0.0	0.0	0.0	0.0	0.0	0.0011380880121396055	0.0057445868316394165	0.0
k__Bacteria;p__Firmicutes;c__Clostridia;o__Clostridiales;f__;g__	0.0	0.0016467682173734047	0.011143634776357008	0.006890960680989057	0.07624633431085044	0.07634789452971272	0.04825538233110617	0.005370929842228936	0.1637010676156584	0.28698919680601215	0.010897203051216855	0.040900706061955346	0.06566820276497697	0.0006583278472679394	0.004188672372973957	0.016260162601626018	0.0009582559741270887	0.004782608695652174	0.14898865318204244	0.002840909090909091	0.0	0.04314159292035398	0.004770992366412214	0.06008583690987125	0.058752025931928686	0.14128943758573387	0.009232544720138488	0.0	0.0064678404599353215	0.0	0.0	0.0	7.447125409591897e-05	0.0224642614023145	0.0	0.0030829596412556056	0.001182033096926714	0.02372336147969441	0.013166779203241052	0.0	0.1415506958250497	0.010603588907014683	0.007340946166394779	0.0	0.0	0.012830793905372895	0.00010883169178864886	0.014415781487101669	0.01104728236853734	0.29124019673002793
k__Bacteria;p__Firmicutes;c__Clostridia;o__Clostridiales;f__Clostridiaceae_1;g__	0.0	0.0	0.0	0.0	0.0	0.0	0.0	0.0	0.0010167768174885613	0.0009394081728511038	0.0	0.0	0.014976958525345621	0.0	0.0	0.0	0.0	0.0	0.0	0.0	0.0	0.0	0.0	0.0030042918454935624	0.0	0.0	0.0	0.0	0.0	0.0	0.0	0.0	0.0	0.0	0.0	0.0	0.0	0.0	0.0	0.0	0.0	0.0	0.0	0.0	0.0	0.0	0.010774337487076237	0.0	0.0	0.0
k__Bacteria;p__Firmicutes;c__Clostridia;o__Clostridiales;f__Clostridiaceae_1;g__Clostridium_sensu_stricto	0.0	0.0	0.0	0.0	0.0	0.0	0.01002227171492205	0.0	0.002541942043721403	0.00986378581493659	0.001452960406828914	0.0002544367406653521	0.11904761904761905	0.0	0.0	0.0	0.0	0.0	0.0	0.0	0.0	0.0	0.0	0.009871244635193134	0.0008103727714748784	0.0	0.10732833237160992	0.0013114754098360656	0.0	0.0027195027195027195	0.0	0.0	0.0012660113196306226	0.0	0.0034949759720401923	0.0	0.0	0.0	0.0	0.0	0.0	0.0	0.0004350190320826536	0.0	0.0	0.0	0.07090384720030474	0.00037936267071320183	0.019443216968625717	0.0
k__Bacteria;p__Firmicutes;c__Clostridia;o__Clostridiales;f__Clostridiales_Incertae_Sedis_XI;g__	0.0	0.0	0.0	0.0	0.0	0.0	0.0	0.0	0.0	0.0	0.0	0.0	0.0	0.0	0.0	0.0	0.0	0.0	0.0	0.0	0.0	0.0	0.0003180661577608143	0.0	0.0	0.003429355281207133	0.0	0.0	0.0	0.0	0.0	0.0	0.0	0.0	0.0	0.0	0.0	0.0	0.0	0.0	0.0	0.0	0.0	0.0	0.0	0.0	0.0	0.0	0.0	0.0
k__Bacteria;p__Firmicutes;c__Clostridia;o__Clostridiales;f__Clostridiales_Incertae_Sedis_XI;g__Anaerococcus	0.0	0.0004116920543433512	0.0007189441791198069	0.013781921361978111	0.019689987431922917	0.013774104683195593	0.012620638455827764	0.001342732460557234	0.044229791560752414	0.004697040864255519	0.023247366509262624	0.02538006488136887	0.015360983102918589	0.0	0.0	0.0023712737127371273	0.018685991495478227	0.01173913043478261	0.013320177602368033	0.04715909090909091	0.0	0.029867256637168143	0.05534351145038169	0.10042918454935623	0.012965964343598054	0.045610425240054875	0.0005770340450086555	0.0	0.03090190441969098	0.001554001554001554	0.0	0.0	0.008489722966934765	0.0020422055820285907	0.0	0.030829596412556056	0.004334121355397951	0.06956172094893445	0.013841998649561107	0.000361271676300578	0.025447316103379723	0.008156606851549755	0.0009787928221859706	0.00031240237425804435	0.0	0.04170008019246191	0.0026663764488218966	0.012139605462822459	0.0	0.0955735743719261
k__Bacteria;p__Firmicutes;c__Clostridia;o__Clostridiales;f__Clostridiales_Incertae_Sedis_XI;g__Finegoldia	0.0	0.0020584602717167557	0.0	0.014187271990271585	0.010892333472978634	0.04919323101141283	0.03711952487008166	0.0010070493454179255	0.03355363497712252	0.009394081728511038	0.01816200508536142	0.0061700909611347885	0.009600614439324117	0.0	0.0	0.0033875338753387536	0.021381086422710666	0.023043478260869568	0.015293537247163296	0.02215909090909091	0.0	0.014380530973451327	0.008587786259541985	0.07768240343347639	0.01012965964343598	0.007887517146776405	0.0005770340450086555	0.0	0.013654329859863456	0.0	0.0	0.0	0.005659815311289842	0.0003403675970047651	0.0	0.002802690582959641	0.006304176516942475	0.13630880579010857	0.013841998649561107	0.0	0.05168986083499006	0.0016313213703099511	0.0008156606851549755	0.0	0.0	0.14434643143544507	0.00032649507536594655	0.0007587253414264037	0.0	0.12927023793699322
k__Bacteria;p__Firmicutes;c__Clostridia;o__Clostridiales;f__Clostridiales_Incertae_Sedis_XI;g__Parvimonas	0.0	0.0	0.0	0.0	0.0012568077084206116	0.0	0.0	0.0	0.0035587188612099642	0.0	0.0	0.0	0.0	0.0	0.0	0.0	0.0	0.0	0.0	0.0	0.0	0.0	0.0006361323155216285	0.0	0.0	0.005829903978052126	0.0	0.0	0.0	0.0	0.0	0.0	0.0	0.0	0.0	0.0	0.0	0.0	0.0	0.0	0.0019880715705765406	0.0	0.0	0.0	0.0	0.0	0.0012515644555694619	0.00037936267071320183	0.0	0.0
k__Bacteria;p__Firmicutes;c__Clostridia;o__Clostridiales;f__Clostridiales_Incertae_Sedis_XI;g__Peptoniphilus	0.0	0.0	5.135315565141478e-05	0.002026753141467369	0.02220360284876414	0.029909484454938996	0.0200445434298441	0.0	0.16166751398068127	0.010803193987787695	0.001452960406828914	0.0	0.027649769585253458	0.0	0.0	0.007452574525745258	0.013655147631311013	0.007391304347826087	0.03798717316230883	0.045454545454545456	0.0	0.011061946902654867	0.03371501272264631	0.0012875536480686696	0.012965964343598054	0.03326474622770919	0.0	0.0	0.0017966223499820337	0.0	0.0	0.0	0.005585344057193922	0.0	0.0	0.0002802690582959641	0.010244286840031522	0.04101326899879373	0.008102633355840648	0.000361271676300578	0.03817097415506958	0.002854812398042414	0.00038064165307232195	0.0006248047485160887	0.003973509933774834	0.08380112269446671	0.0	0.015174506828528073	0.0	0.08474013026718066
k__Bacteria;p__Firmicutes;c__Clostridia;o__Clostridiales;f__Clostridiales_Incertae_Sedis_XIII;g__	0.0	0.0	0.0	0.0	0.0	0.0	0.0	0.0	0.0	0.0023485204321277596	0.0	0.0	0.0007680491551459293	0.0	0.0	0.00033875338753387534	0.0	0.0	0.0	0.0	0.0	0.0	0.0	0.0	0.0	0.0	0.0	0.0	0.0	0.0	0.0	0.0	0.0	0.0	0.0	0.0	0.0	0.0012062726176115801	0.0	0.0	0.00039761431411530816	0.0	0.0	0.0	0.0	0.0	0.0	0.0	0.0	0.0
k__Bacteria;p__Firmicutes;c__Clostridia;o__Clostridiales;f__Clostridiales_Incertae_Sedis_XIII;g__Anaerovorax	0.0	0.0	0.0	0.0024321037697608433	0.0	0.0	0.0025983667409057165	0.0003356831151393085	0.07574987290289782	0.10145608266791921	0.0	0.0	0.021889400921658985	0.0	0.0	0.00033875338753387534	0.0	0.0	0.000493339911198816	0.0	0.0	0.0022123893805309734	0.0	0.018025751072961373	0.002431118314424635	0.0003429355281207133	0.008078476630121177	0.0	0.0	0.0	0.0	0.0	0.0	0.0	0.0	0.006726457399103139	0.0	0.0	0.0006752194463200541	0.0	0.0015904572564612327	0.0	0.0007612833061446438	0.0	0.0	0.0024057738572574178	0.0	0.00037936267071320183	0.0004418912947414936	0.0013292569453675395
k__Bacteria;p__Firmicutes;c__Clostridia;o__Clostridiales;f__Clostridiales_Incertae_Sedis_XIII;g__Mogibacterium	0.0	0.0	0.0	0.0	0.0	0.0	0.0	0.0	0.0010167768174885613	0.004697040864255519	0.0	0.0	0.0030721966205837174	0.0	0.0	0.0	0.0	0.0	0.0	0.0	0.0	0.0	0.0	0.004291845493562232	0.0	0.0	0.0	0.0	0.0	0.0003885003885003885	0.0	0.0	0.0	0.0	0.0	0.0	0.0	0.0	0.0	0.0	0.0	0.0	0.0	0.0	0.0	0.0	0.0007074059966262176	0.0	0.0	0.0
k__Bacteria;p__Firmicutes;c__Clostridia;o__Clostridiales;f__Eubacteriaceae;g__	0.0	0.0	0.0	0.0	0.0	0.0	0.0	0.0003356831151393085	0.0	0.0	0.0	0.0	0.0034562211981566822	0.0	0.0	0.0	0.0	0.0	0.0	0.0	0.0	0.00331858407079646	0.0	0.0	0.0	0.0	0.0	0.0	0.0	0.0	0.0	0.0	0.0	0.0	0.0	0.0	0.00591016548463357	0.0	0.001012829169480081	0.0	0.0	0.0	0.0	0.0	0.0	0.0	0.0	0.0	0.0	0.0
k__Bacteria;p__Firmicutes;c__Clostridia;o__Clostridiales;f__Eubacteriaceae;g__Eubacterium	0.0	0.0	0.0	0.0	0.0	0.0	0.0	0.0	0.0	0.0	0.0	0.0015266204439921124	0.0	0.0	0.0	0.0	0.0	0.0	0.0	0.0	0.0	0.0011061946902654867	0.0	0.0	0.0	0.0	0.0	0.0	0.0	0.0	0.0	0.0	0.0	0.0	0.0	0.0	0.0	0.0	0.0	0.0	0.0	0.0	0.0001631321370309951	0.0	0.0	0.0	0.0	0.0	0.0	0.0
k__Bacteria;p__Firmicutes;c__Clostridia;o__Clostridiales;f__Incertae_Sedis_XI;g__	0.0	0.0	0.0	0.0	0.0	0.0	0.0	0.0	0.0010167768174885613	0.0	0.0	0.0	0.0	0.0	0.0	0.0	0.0	0.0	0.0	0.0	0.0	0.0	0.0	0.0	0.0	0.0003429355281207133	0.0	0.0	0.0	0.0	0.0	0.0	0.0	0.0	0.0	0.0	0.0	0.0	0.0	0.0	0.00039761431411530816	0.0	0.0	0.0	0.0	0.0	0.0	0.0	0.0	0.002525588196198325
k__Bacteria;p__Firmicutes;c__Clostridia;o__Clostridiales;f__Incertae_Sedis_XI;g__Murdochiella	0.0	0.0	0.0	0.002837454398054317	0.0033514872224549644	0.0011806375442739079	0.006310319227913883	0.0	0.10676156583629895	0.02677313292625646	0.0	0.0	0.005760368663594469	0.0	0.0	0.006097560975609756	0.0	0.007391304347826087	0.0	0.0	0.0	0.0	0.0	0.008583690987124463	0.0	0.021604938271604937	0.0	0.0	0.001437297879985627	0.0	0.0	0.0	0.0	0.0	0.0	0.002522421524663677	0.0	0.026537997587454766	0.0	0.0	0.0075546719681908545	0.0	5.43773790103317e-05	0.0	0.0	0.0	0.0	0.0	0.0	0.0012627940980991625
k__Bacteria;p__Firmicutes;c__Clostridia;o__Clostridiales;f__Lachnospiraceae;g__	0.001256281407035176	0.0020584602717167557	0.0013351820469367844	0.010133765707336847	0.014662756598240467	0.001967729240456513	0.021529324424647365	0.0036925142665323934	0.0030503304524656842	0.0032879286049788633	0.08826734471485652	0.06042872590802113	0.01651305683563748	0.005266622778143515	0.06507618527287076	0.017615176151761516	0.0022758579385518357	0.0004347826086956522	0.011346817957572768	0.0011363636363636363	0.0019455252918287938	0.04867256637168142	0.0022264631043256997	0.0038626609442060085	0.08508914100486223	0.005829903978052126	0.0005770340450086555	0.0	0.01006108515989939	0.0011655011655011655	0.01584022038567493	0.0	0.009904676794757223	0.01089176310415248	0.0	0.0014013452914798206	0.011426319936958234	0.0	0.01721809588116138	0.0	0.025844930417495027	0.0	0.011092985318107665	0.0	0.0	0.00400962309542903	0.06508135168961202	0.02655538694992412	0.00486080424215643	0.0041871593779077496
k__Bacteria;p__Firmicutes;c__Clostridia;o__Clostridiales;f__Lachnospiraceae;g__Anaerostipes	0.0	0.0	5.135315565141478e-05	0.0	0.0	0.0	0.0022271714922048997	0.0	0.0	0.0004697040864255519	0.0003632401017072285	0.039628522358628585	0.010368663594470046	0.0	6.0705396709767496e-05	0.0	0.0	0.0	0.0	0.0	0.0	0.0	0.0	0.0008583690987124463	0.0	0.00102880658436214	0.0	0.0	0.0	0.0	0.0	0.0	0.0	0.0	0.0	0.0	0.0	0.0	0.0	0.0	0.0	0.0	5.43773790103317e-05	0.0	0.0	0.0	0.0018501387604070306	0.0	0.0	0.0
k__Bacteria;p__Firmicutes;c__Clostridia;o__Clostridiales;f__Lachnospiraceae;g__Blautia	0.0043969849246231155	0.0016467682173734047	0.0014892415138910286	0.00526955816781516	0.0	0.0015741833923652105	0.0003711952487008166	0.0023497818059751594	0.001525165226232842	0.006106153123532175	0.00944424264438794	0.10839005152343997	0.029953917050691243	0.0	0.03654464881928003	0.008130081300813007	0.0009582559741270887	0.0004347826086956522	0.00493339911198816	0.0011363636363636363	0.004539559014267186	0.029867256637168143	0.0031806615776081427	0.01759656652360515	0.046596434359805504	0.006858710562414265	0.04616272360069244	0.0	0.010779734099892201	0.000777000777000777	0.07988980716253444	0.0005938242280285036	0.0	0.005786249149081008	0.0008737439930100481	0.0005605381165919282	0.0043341213553979505	0.003216726980297547	0.041188386225523295	0.0	0.0015904572564612327	0.0	0.0038607939097335506	0.0	0.0	0.007217321571772253	0.03890732981444196	0.0018968133535660092	0.10030932390631905	0.0
k__Bacteria;p__Firmicutes;c__Clostridia;o__Clostridiales;f__Lachnospiraceae;g__Clostridium_XlVa	0.0	0.04693289419514204	0.0038514866738561084	0.0036481556546412645	0.00041893590280687055	0.003935458480913026	0.008166295471417964	0.0010070493454179255	0.0005083884087442806	0.0023485204321277596	0.006901561932437341	0.017556135105909296	0.006144393241167435	0.0013166556945358788	0.00169975110787349	0.0013550135501355014	0.00017967299514882912	0.0013043478260869566	0.00246669955599408	0.0005681818181818182	0.0	0.008849557522123894	0.004452926208651399	0.0012875536480686693	0.023905996758508914	0.0030864197530864196	0.0051933064050779	0.0	0.028386633129716135	0.00738150738150738	0.0027548209366391185	0.0	0.01966041108132261	0.0030633083730428863	0.0	0.005605381165919282	0.027580772261623324	0.014475271411338963	0.008102633355840648	0.000361271676300578	0.006361829025844931	0.00897226753670473	0.0026644915715062535	0.0	0.0	0.0028067361668003207	0.0020678021439843285	0.004552352048558422	0.007512152010605391	0.0013292569453675395
k__Bacteria;p__Firmicutes;c__Clostridia;o__Clostridiales;f__Lachnospiraceae;g__Clostridium_XlVb	0.0	0.0	0.0005135315565141478	0.0012160518848804217	0.0020946795140343527	0.0015741833923652105	0.0	0.0	0.0005083884087442806	0.0	0.0	0.0	0.0	0.0	0.002124688884841862	0.0	5.989099838294304e-05	0.0004347826086956522	0.0	0.0	0.0	0.0	0.0	0.0	0.0	0.0	0.0	0.0	0.0	0.0	0.0	0.0	0.0	0.0003403675970047651	0.0	0.0	0.0007880220646178094	0.0	0.0013504388926401081	0.0	0.0	0.0	0.0002718868950516585	0.0	0.0	0.00040096230954290296	0.0	0.0	0.0	0.00013292569453675395
k__Bacteria;p__Firmicutes;c__Clostridia;o__Clostridiales;f__Lachnospiraceae;g__Coprococcus	0.0	0.0004116920543433512	0.0	0.004864207539521687	0.0008378718056137411	0.0	0.04194506310319228	0.0	0.0005083884087442806	0.0004697040864255519	0.001452960406828914	6.360918516633803e-05	0.002688172043010753	0.0	0.0009105809506465125	0.0033875338753387536	0.0	0.0030434782608695656	0.001480019733596448	0.0	0.0	0.017699115044247787	0.005089058524173028	0.005150214592274677	0.01620745542949757	0.007201646090534979	0.0	0.0	0.01688825008983112	0.0	0.0	0.0	0.0	0.0	0.0	0.0	0.02364066193853428	0.006031363088057901	0.0	0.0	0.006361829025844931	0.0	0.0010331702011963024	0.0	0.0	0.0	0.0	0.011760242792109257	0.007954043305346884	0.0
k__Bacteria;p__Firmicutes;c__Clostridia;o__Clostridiales;f__Lachnospiraceae;g__Dorea	0.0	0.0004116920543433512	5.135315565141478e-05	0.002026753141467369	0.003770423125261835	0.0015741833923652105	0.0014847809948032665	0.0	0.0005083884087442806	0.0023485204321277596	0.0	0.0	0.00576036866359447	0.0	0.0008498755539367449	0.003048780487804878	0.0	0.0	0.002960039467192896	0.0011363636363636363	0.0	0.008849557522123894	0.0	0.002145922746781116	0.023500810372771474	0.0006858710562414266	0.0	0.0	0.0	0.0	0.0	0.0	0.0	0.0	0.0	0.0008408071748878924	0.0003940110323089047	0.0	0.02025658338960162	0.0	0.00437375745526839	0.0	0.0031538879825992387	0.0	0.0	0.0024057738572574178	0.008924198726669207	0.005690440060698028	0.0004418912947414936	0.002658513890735079
k__Bacteria;p__Firmicutes;c__Clostridia;o__Clostridiales;f__Lachnospiraceae;g__Howardella	0.0	0.0	0.0	0.0	0.0	0.0	0.0	0.0	0.0	0.0	0.0	0.0	0.0	0.0	0.0	0.0	0.0	0.0	0.0	0.0	0.0	0.0	0.0	0.0	0.0	0.00205761316872428	0.0	0.0	0.0	0.0	0.0	0.0	0.0	0.0	0.0	0.0	0.0	0.0	0.0	0.0	0.0015904572564612327	0.0	0.0	0.0	0.0	0.0	0.0	0.0	0.0	0.0
k__Bacteria;p__Firmicutes;c__Clostridia;o__Clostridiales;f__Lachnospiraceae;g__Lachnoanaerobaculum	0.0	0.0	0.0	0.0	0.0	0.0	0.0	0.0	0.0	0.0	0.0	0.0	0.0	0.0	0.0	0.0	0.0	0.0	0.0	0.0	0.0	0.0	0.0	0.0	0.0	0.0	0.0	0.0	0.0	0.0	0.0	0.0	0.0	0.0	0.0	0.0	0.0	0.0	0.0	0.0	0.0	0.0	0.0	0.0	0.0	0.0	0.003537029983131088	0.0	0.0	0.0
k__Bacteria;p__Firmicutes;c__Clostridia;o__Clostridiales;f__Lachnospiraceae;g__Lachnospiracea_incertae_sedis	0.0	0.0	0.0	0.0012160518848804217	0.0016757436112274822	0.0003935458480913026	0.016332590942835932	0.0010070493454179255	0.001525165226232842	0.010333489901362142	0.0	0.027860823102856053	0.057987711213517666	0.0	0.02573908820494142	0.0	0.0	0.0004347826086956522	0.000493339911198816	0.0	0.0006485084306095979	0.0	0.0	0.01630901287553648	0.0012155591572123176	0.0017146776406035667	0.0	0.0	0.00035932446999640676	0.0003885003885003885	0.0	0.0	0.0	0.002382573179033356	0.0	0.0002802690582959641	0.0	0.0	0.01350438892640108	0.0	0.00039761431411530816	0.0	0.0029363784665579116	0.0	0.0	0.00040096230954290296	0.008271208575937312	0.008725341426403643	0.004418912947414936	0.0
k__Bacteria;p__Firmicutes;c__Clostridia;o__Clostridiales;f__Lachnospiraceae;g__Lactonifactor	0.0	0.0	5.135315565141478e-05	0.0	0.0	0.0	0.0	0.0	0.0	0.0	0.0	0.0008269194071623943	0.0	0.0	0.0	0.0	0.0	0.0	0.0	0.0	0.0	0.0	0.0	0.0	0.0	0.0	0.0	0.0	0.0	0.0	0.0	0.0	0.0	0.0	0.0	0.0	0.0003940110323089047	0.0	0.0	0.0	0.0	0.0	0.0	0.0	0.0	0.0	0.0	0.0	0.0	0.0
k__Bacteria;p__Firmicutes;c__Clostridia;o__Clostridiales;f__Lachnospiraceae;g__Moryella	0.0	0.0016467682173734047	0.0	0.0	0.0	0.0003935458480913026	0.0	0.0	0.0005083884087442806	0.0	0.000726480203414457	0.0	0.0	0.0	0.0	0.0	0.0	0.0	0.0	0.0005681818181818182	0.0	0.0	0.0	0.0	0.0	0.0	0.0	0.0	0.0	0.0	0.0	0.0	0.0	0.0	0.0	0.0	0.0	0.0	0.0	0.0	0.0011928429423459245	0.0	0.0001087547580206634	0.0	0.0	0.0012028869286287089	0.0	0.0	0.0	0.0
k__Bacteria;p__Firmicutes;c__Clostridia;o__Clostridiales;f__Lachnospiraceae;g__Oribacterium	0.0	0.0	0.0	0.0	0.0	0.0	0.0	0.0	0.0	0.0	0.0	0.0	0.0	0.0	0.0	0.0	0.0	0.0	0.0	0.0	0.0	0.0	0.0	0.0	0.0	0.0	0.0	0.0	0.0	0.0	0.0	0.0	0.0	0.0	0.0	0.0	0.0	0.0	0.0	0.0	0.0	0.0	0.0	0.0	0.0	0.0	0.0006529901507318931	0.0	0.0	0.0
k__Bacteria;p__Firmicutes;c__Clostridia;o__Clostridiales;f__Lachnospiraceae;g__Roseburia	0.0	0.0	0.0011297694243311252	0.0016214025131738954	0.004608294930875576	0.0	0.0003711952487008166	0.0	0.0	0.0009394081728511038	0.0003632401017072285	0.0003816551109980281	0.0007680491551459293	0.0	0.001821161901293025	0.012872628726287264	0.0	0.0	0.009373458312777505	0.0	0.0	0.04314159292035399	0.0	0.008583690987124463	0.06037277147487844	0.0	0.0	0.0	0.0	0.0	0.0	0.0	0.0	0.0	0.0	0.0	0.0	0.0	0.001688048615800135	0.0	0.0007952286282306163	0.0	0.0002718868950516585	0.0	0.0	0.00040096230954290296	0.010719921641181912	0.010242792109256448	0.0017675651789659744	0.0
k__Bacteria;p__Firmicutes;c__Clostridia;o__Clostridiales;f__Lachnospiraceae;g__Ruminococcus2	0.0	0.01070399341292713	0.008678683305089098	0.006890960680989056	0.009216589861751154	0.04053522235340417	0.010393466963622866	0.000671366230278617	0.004575495678698526	0.003757632691404415	0.015256084271703597	0.26124292347815026	0.035330261136712754	0.0006583278472679394	0.4480058277180841	0.006097560975609756	0.005629753847996646	0.006521739130434783	0.00493339911198816	0.0017045454545454545	0.0	0.02986725663716814	0.0009541984732824428	0.02317596566523605	0.034440842787682335	0.006858710562414265	0.04327755337564916	0.0	0.006108515989938914	0.003108003108003108	0.0	0.0	0.0002978850163836759	0.003744043567052416	0.00218435998252512	0.0028026905829596415	0.013002364066193853	0.05548854041013269	0.07359891964888587	0.0	0.007554671968190856	0.0053017944535073405	0.01092985318107667	0.0	0.0	0.027666399358460304	0.018283724220493007	0.01896813353566009	0.0057445868316394165	0.002459125348929948
k__Bacteria;p__Firmicutes;c__Clostridia;o__Clostridiales;f__Lachnospiraceae;g__Shuttleworthia	0.0	0.0	0.0	0.0	0.0	0.0	0.0	0.0	0.0	0.0	0.0	0.0	0.0	0.0	0.0	0.0	0.0	0.0	0.0	0.0	0.0	0.0	0.0	0.0	0.0	0.0	0.0	0.0	0.0	0.0	0.0	0.0	0.0	0.0	0.0	0.0	0.0	0.0	0.0	0.0	0.0	0.0	0.0	0.0	0.0	0.0	0.0029928715241878436	0.0	0.0	0.0
k__Bacteria;p__Firmicutes;c__Clostridia;o__Clostridiales;f__Peptococcaceae_1;g__	0.0	0.0	0.0	0.0	0.0	0.0003935458480913026	0.001855976243504083	0.0	0.0	0.0014091122592766556	0.0	0.0	0.00038402457757296467	0.0	6.0705396709767496e-05	0.0	0.0	0.0	0.0	0.0	0.0	0.0	0.0	0.0012875536480686696	0.0	0.0	0.0	0.0	0.0	0.0	0.0	0.0	0.0	0.0	0.0	0.0	0.0	0.0	0.0	0.0	0.0	0.0	0.0005981511691136488	0.0	0.0	0.0	0.0	0.0007587253414264037	0.0004418912947414936	6.646284726837697e-05
k__Bacteria;p__Firmicutes;c__Clostridia;o__Clostridiales;f__Peptococcaceae_1;g__Dehalobacter	0.0	0.0	0.0	0.0	0.0	0.0	0.0	0.0	0.0010167768174885613	0.0	0.0	0.0	0.0	0.0	0.0	0.0	0.0	0.0	0.0	0.0	0.0	0.0	0.0	0.0	0.0	0.0006858710562414266	0.0	0.0	0.0	0.0	0.0	0.0	0.0	0.0	0.0	0.0	0.0	0.0	0.0	0.0	0.0	0.0	0.002011963023382273	0.0	0.0	0.0	5.441584589432443e-05	0.01251896813353566	0.01855943437914273	0.0
k__Bacteria;p__Firmicutes;c__Clostridia;o__Clostridiales;f__Peptococcaceae_1;g__Peptococcus	0.0	0.0	0.0	0.0	0.0	0.0	0.0	0.0	0.0	0.0028182245185533112	0.0	0.0	0.0007680491551459293	0.0	0.0	0.0	0.0	0.0	0.000986679822397632	0.0	0.0	0.0	0.0	0.0	0.0	0.0	0.0	0.0	0.0	0.0	0.0	0.0	0.0	0.0	0.0	0.0	0.0	0.0	0.0	0.0	0.00039761431411530816	0.0016313213703099511	0.0	0.0	0.0	0.0	0.0	0.0	0.0	0.0006646284726837697
k__Bacteria;p__Firmicutes;c__Clostridia;o__Clostridiales;f__Peptostreptococcaceae;g__Clostridium_XI	0.0	0.0	0.0	0.0	0.0	0.0	0.001855976243504083	0.0	0.0	0.0	0.01634580457682528	0.002544367406653521	0.0	0.0	6.0705396709767496e-05	0.0	0.0	0.0	0.0	0.0	0.0	0.0011061946902654867	0.0	0.0	0.001620745542949757	0.0	0.008655510675129832	0.0	0.0	0.0	0.0	0.0005938242280285036	0.0008191837950551087	0.0	0.0	0.0	0.0	0.0	0.0013504388926401081	0.0	0.0	0.0	0.0007612833061446438	0.0	0.0	0.0008019246190858059	0.0	0.0	0.01104728236853734	0.0
k__Bacteria;p__Firmicutes;c__Clostridia;o__Clostridiales;f__Peptostreptococcaceae;g__Peptostreptococcus	0.0	0.0004116920543433512	0.0	0.0	0.012987012987012988	0.008658008658008658	0.0003711952487008166	0.0	0.0	0.0	0.0	0.0	0.0	0.0	0.00012141079341953499	0.0	0.0009582559741270887	0.0004347826086956522	0.0	0.005113636363636364	0.0	0.0	0.0	0.0	0.0	0.0	0.0	0.0	0.0	0.0	0.0	0.0	0.0	0.0	0.0	0.0	0.0	0.0004020908725371934	0.0	0.0	0.004771371769383698	0.0	0.0	0.0	0.0	0.037289494787489975	0.0	0.0	0.0	0.0
k__Bacteria;p__Firmicutes;c__Clostridia;o__Clostridiales;f__Ruminococcaceae;g__	0.0	0.010703993412927128	0.008011092281620705	0.023915687069314958	0.007121910347716799	0.014561196379378197	0.013363028953229397	0.008727760993622019	0.006609049313675648	0.07656176608736497	0.03850345078096622	0.04401755613510591	0.03417818740399386	0.0019749835418038184	0.0029745644387786075	0.0013550135501355014	0.0005390189854464874	0.0013043478260869566	0.0	0.0	0.0	0.004424778761061947	0.01940203562340967	0.021030042918454932	0.0036466774716369535	0.032578875171467764	0.020196191575302943	0.0	0.09378368666906216	0.0027195027195027195	0.0	0.0	0.08370568960381293	0.05343771272974813	0.0	0.005605381165919282	0.01182033096926714	0.0048250904704463205	0.012153950033760972	0.0	0.0011928429423459245	0.0028548123980424145	0.01924959216965742	0.0	0.0004415011037527594	0.0008019246190858059	5.441584589432443e-05	0.024658573596358115	0.007512152010605392	0.00019938854180513092
k__Bacteria;p__Firmicutes;c__Clostridia;o__Clostridiales;f__Ruminococcaceae;g__Anaerofilum	0.0	0.0	0.0	0.0	0.0	0.0	0.0	0.0	0.0	0.0	0.0	0.0	0.0	0.0	0.0	0.0	0.0	0.0	0.0	0.0	0.0	0.0	0.0	0.0	0.0	0.0	0.0	0.0	0.0	0.0	0.0	0.0	0.0	0.0003403675970047651	0.0	0.0	0.0	0.0	0.0	0.0	0.0	0.0	0.0001087547580206634	0.0	0.0	0.0	0.0	0.0037936267071320183	0.0	0.0
k__Bacteria;p__Firmicutes;c__Clostridia;o__Clostridiales;f__Ruminococcaceae;g__Butyricicoccus	0.0	0.0004116920543433512	5.135315565141478e-05	0.0	0.0016757436112274822	0.0	0.0	0.0	0.0005083884087442806	0.0004697040864255519	0.002179440610243371	0.0002544367406653521	0.00038402457757296467	0.0	0.0	0.0	0.0	0.0	0.0	0.0	0.0	0.0	0.0028625954198473282	0.0	0.0004051863857374392	0.0051440329218107	0.0017311021350259665	0.0	0.014732303269852677	0.0	0.0	0.0	0.0	0.0003403675970047651	0.0	0.0002802690582959641	0.001970055161544523	0.0	0.0013504388926401081	0.0	0.0	0.0	0.0002718868950516585	0.0	0.0	0.0	0.0	0.00037936267071320183	0.0004418912947414936	0.0
k__Bacteria;p__Firmicutes;c__Clostridia;o__Clostridiales;f__Ruminococcaceae;g__Clostridium_IV	0.0	0.03869905310827502	0.0023622451599650796	0.0036481556546412645	0.0012568077084206116	0.005509641873278237	0.009651076466221233	0.007720711648204095	0.008642602948652772	0.008924377642085486	0.02106792589901925	0.012403791107435913	0.007296466973886329	0.0026333113890717576	0.00030352698354883746	0.0037262872628726286	0.0	0.0	0.0029600394671928957	0.0	0.0	0.02986725663716814	0.0009541984732824428	0.0017167381974248926	0.02714748784440843	0.01234567901234568	0.004616272360069244	0.0	0.003952569169960474	0.0	0.0	0.0	0.0	0.03573859768550034	0.00043687199650502403	0.00476457399103139	0.003940110323089047	0.0024125452352231603	0.007089804186360566	0.0	0.0	0.0016313213703099511	0.0009787928221859706	0.0	0.0	0.0008019246190858059	0.0005441584589432443	0.002655538694992413	0.0004418912947414936	0.00033231423634188487
k__Bacteria;p__Firmicutes;c__Clostridia;o__Clostridiales;f__Ruminococcaceae;g__Ethanoligenens	0.0	0.0	0.0	0.0	0.0	0.0027548209366391185	0.006310319227913882	0.0	0.014743263853584137	0.022545796148426493	0.0	0.0059792634056357735	0.002304147465437788	0.0	6.0705396709767496e-05	0.0	0.0	0.0	0.0	0.0	0.0	0.0011061946902654867	0.0	0.002575107296137339	0.0	0.00102880658436214	0.004616272360069244	0.0	0.0007186489399928135	0.0	0.0	0.0	0.0	0.0	0.00043687199650502403	0.0	0.0	0.0	0.0	0.0	0.0035785288270377734	0.0	5.43773790103317e-05	0.0	0.0	0.0	0.0	0.0007587253414264037	0.0	6.646284726837697e-05
k__Bacteria;p__Firmicutes;c__Clostridia;o__Clostridiales;f__Ruminococcaceae;g__Fastidiosipila	0.0	0.0	0.0	0.0	0.0008378718056137411	0.0	0.0	0.0	0.0	0.0	0.0	0.0	0.0	0.0	0.0	0.0	0.0	0.0	0.001973359644795264	0.0	0.0	0.0	0.0	0.0	0.0	0.0	0.002308136180034622	0.2583606557377049	0.0	0.0003885003885003885	0.0	0.0	0.0	0.0	0.00043687199650502403	0.0	0.0	0.0	0.0	0.0	0.0	0.0	0.0	0.0	0.0	0.0	0.0	0.0	0.0	0.0
k__Bacteria;p__Firmicutes;c__Clostridia;o__Clostridiales;f__Ruminococcaceae;g__Flavonifractor	0.0	0.0012350761630300535	0.00010270631130282956	0.0012160518848804217	0.0	0.0007870916961826052	0.0003711952487008166	0.0003356831151393085	0.0	0.0	0.002179440610243371	0.0	0.0	0.0	0.0	0.0006775067750677507	5.989099838294304e-05	0.0	0.000493339911198816	0.0	0.0	0.00331858407079646	0.0	0.0	0.0036466774716369527	0.0	0.0	0.0	0.001437297879985627	0.0	0.0	0.0	0.0023086088769734884	0.0003403675970047651	0.0	0.0	0.0007880220646178094	0.0	0.00033760972316002703	0.0	0.0	0.0004078303425774878	0.0001087547580206634	0.0	0.0	0.0	0.0	0.0	0.0004418912947414936	6.646284726837697e-05
k__Bacteria;p__Firmicutes;c__Clostridia;o__Clostridiales;f__Ruminococcaceae;g__Gemmiger	0.0	0.0004116920543433512	0.0	0.009728415079043373	0.035609551738583996	0.0007870916961826052	0.0014847809948032665	0.0036925142665323934	0.0010167768174885613	0.0004697040864255519	0.1402106792589902	0.0	0.0	0.0	6.0705396709767496e-05	0.02100271002710027	0.0010780379708929747	0.0	0.011840157868771583	0.0005681818181818182	0.0	0.07300884955752213	0.0006361323155216285	0.00042918454935622315	0.11385737439222042	0.00205761316872428	0.0	0.0	0.0017966223499820337	0.0	0.0	0.0	7.447125409591897e-05	0.014976174268209666	0.0	0.004484304932735426	0.030732860520094562	0.0008041817450743868	0.001012829169480081	0.0	0.0007952286282306163	0.0	0.004078303425774878	0.0	0.0	0.0012028869286287089	0.0002176633835772977	0.02959028831562974	0.008837825894829872	0.0
k__Bacteria;p__Firmicutes;c__Clostridia;o__Clostridiales;f__Ruminococcaceae;g__Oscillibacter	0.0	0.03664059283655825	0.00924356801725466	0.003648155654641265	0.024717218265605363	0.0027548209366391185	0.0037119524870081666	0.0010070493454179255	0.001525165226232842	0.007984969469234382	0.001452960406828914	0.007887538960625913	0.0038402457757296467	0.0026333113890717576	0.0006070539670976749	0.0020325203252032522	0.0	0.0	0.003946719289590528	0.0	0.0	0.025442477876106193	0.0	0.0012875536480686696	0.03322528363047002	0.0037722908093278463	0.0	0.0	0.0035932446999640674	0.0019425019425019425	0.0	0.0	0.00022341376228775692	0.006466984343090537	0.0	0.0011210762331838565	0.004334121355397951	0.0	0.003713706954760297	0.0	0.00437375745526839	0.0004078303425774878	0.038988580750407835	0.0	0.0	0.0008019246190858059	0.0	0.011380880121396054	0.011931064958020326	0.002459125348929948
k__Bacteria;p__Firmicutes;c__Clostridia;o__Clostridiales;f__Ruminococcaceae;g__Ruminococcus	0.0	0.0	0.00015405946695424435	0.004053506282934738	0.0012568077084206116	0.0	0.0	0.0003356831151393085	0.003050330452465684	0.0	0.005085361423901199	0.0015266204439921124	0.0	0.0	0.0006070539670976749	0.0023712737127371273	0.0	0.0	0.0014800197335964479	0.0	0.0	0.011061946902654867	0.0	0.0	0.008914100486223661	0.0010288065843621398	0.0005770340450086555	0.0	0.005749191519942508	0.0	0.0	0.0	0.0	0.0013614703880190605	0.0	0.0005605381165919282	0.0007880220646178094	0.0	0.0	0.0	0.0	0.0	0.0004893964110929853	0.0	0.0	0.002004811547714515	0.0	0.002655538694992413	0.0008837825894829872	0.0
k__Bacteria;p__Firmicutes;c__Erysipelotrichia;o__Erysipelotrichales;f__Erysipelotrichaceae;g__Clostridium_XVIII	0.000628140703517588	0.0	0.0	0.00040535062829347385	0.0	0.0003935458480913026	0.0011135857461024498	0.0	0.0	0.0	0.012350163458045769	0.14661917180840914	0.0038402457757296467	0.0	0.019547137740545135	0.0	0.0005989099838294305	0.003043478260869565	0.000493339911198816	0.0	0.0025940337224383916	0.0022123893805309734	0.0	0.012875536480686695	0.0016207455429497568	0.0003429355281207133	0.027697634160415464	0.0	0.0007186489399928135	0.001554001554001554	0.02066115702479339	0.0	0.020628537384569556	0.0	0.0017474879860200961	0.0008408071748878924	0.0003940110323089047	0.011258544431041415	0.01012829169480081	0.0	0.00039761431411530816	0.0012234910277324632	0.0009787928221859706	0.0	0.0	0.0012028869286287089	0.0037546933667083854	0.0007587253414264037	0.0	0.0
k__Bacteria;p__Firmicutes;c__Erysipelotrichia;o__Erysipelotrichales;f__Erysipelotrichaceae;g__Coprobacillus	0.0	0.0	0.0	0.0	0.0	0.0	0.0	0.0003356831151393085	0.0	0.0	0.0003632401017072285	0.009286941034285352	0.0	0.0	0.0033387968190372124	0.0	0.00011978199676588608	0.0	0.0	0.0	0.0	0.0	0.0	0.0	0.0	0.0003429355281207133	0.0005770340450086555	0.0	0.0	0.0	0.0	0.0	0.0	0.0	0.0	0.0	0.0	0.0	0.0006752194463200541	0.0	0.0	0.0032626427406199023	0.0	0.0	0.0	0.0	0.0	0.0015174506828528073	0.0	0.0
k__Bacteria;p__Firmicutes;c__Erysipelotrichia;o__Erysipelotrichales;f__Erysipelotrichaceae;g__Erysipelotrichaceae_incertae_sedis	0.0	0.012762453684643885	0.0020027730704051763	0.0016214025131738954	0.00041893590280687055	0.0	0.007423904974016333	0.000671366230278617	0.0030503304524656834	0.005166744950681071	0.09371594624046495	0.0008269194071623944	0.004224270353302612	0.0	0.019486432343835368	0.006775067750677507	0.004312151883571899	0.008260869565217393	0.003453379378391712	0.0005681818181818182	0.0	0.1006637168141593	0.0003180661577608143	0.005579399141630901	0.02471636952998379	0.004801097393689987	0.4039238315060589	0.006557377049180328	0.0007186489399928135	0.011655011655011656	0.0	0.0	0.05868334822758415	0.0013614703880190605	0.013979903888160769	0.0014013452914798206	0.017336485421591805	0.02613590671491757	0.07056043214044565	0.0	0.007157057654075547	0.0012234910277324634	0.01620445894507885	0.0	0.0	0.0008019246190858059	0.0050062578222778474	0.0018968133535660092	0.0	0.006313970490495813
k__Bacteria;p__Firmicutes;c__Erysipelotrichia;o__Erysipelotrichales;f__Erysipelotrichaceae;g__Turicibacter	0.0	0.0	0.0	0.0	0.0	0.0	0.0	0.0	0.0	0.0	0.0	0.00044526429616436615	0.0	0.0	0.0	0.0	0.0	0.0	0.0	0.0	0.0	0.0	0.0	0.0	0.0	0.0	0.0	0.0	0.0	0.0	0.0	0.0	0.0	0.0	0.0	0.0	0.0	0.0	0.0	0.0	0.0	0.0	0.0001087547580206634	0.0	0.0	0.0	0.0	0.0	0.0	6.646284726837697e-05
k__Bacteria;p__Firmicutes;c__Negativicutes;o__Selenomonadales;f__;g__	0.0	0.0	0.0	0.0	0.0	0.0	0.0	0.0	0.0	0.004697040864255519	0.0	0.0	0.0	0.0	0.0	0.0	0.0	0.0	0.0	0.0	0.0	0.0	0.0	0.0	0.0	0.0	0.0	0.0	0.0	0.0	0.0	0.0	7.447125409591897e-05	0.0	0.0	0.0	0.0	0.0	0.0	0.0	0.0	0.0	0.008917890157694399	0.0	0.0	0.0	5.441584589432443e-05	0.0	0.0	6.646284726837697e-05
k__Bacteria;p__Firmicutes;c__Negativicutes;o__Selenomonadales;f__Acidaminococcaceae;g__Acidaminococcus	0.0	0.0	0.0	0.0	0.0	0.0011806375442739079	0.0	0.0	0.0	0.0	0.0	0.0	0.0	0.0006583278472679394	0.0	0.0	0.0	0.0	0.0	0.0	0.0	0.0	0.0	0.0030042918454935624	0.0	0.0	0.0	0.0	0.0	0.0	0.0	0.0	0.0	0.0	0.0	0.0	0.0	0.0	0.0	0.0	0.02385685884691849	0.0	0.0	0.0	0.0	0.0012028869286287089	0.0	0.0015174506828528073	0.0	0.0
k__Bacteria;p__Firmicutes;c__Negativicutes;o__Selenomonadales;f__Veillonellaceae;g__	0.0	0.0004116920543433512	0.0	0.0012160518848804217	0.0016757436112274822	0.0023612750885478157	0.01967334818114328	0.005706612957368244	0.006100660904931368	0.0018788163457022077	0.0003632401017072285	0.0013994020736594365	0.006528417818740399	0.0	0.004552904753232562	0.0033875338753387536	0.0	0.0034782608695652175	0.0014800197335964479	0.0	0.0	0.011061946902654867	0.0	0.0012875536480686693	0.011345218800648298	0.0	0.0	0.0	0.0	0.001554001554001554	0.005509641873278237	0.0005938242280285036	0.0013404825737265416	0.029611980939414567	0.0	0.004484304932735426	0.0	0.025331724969843185	0.002025658338960162	0.0	0.006361829025844931	0.0004078303425774878	0.016204458945078846	0.0	0.0004415011037527594	0.004410585404971933	0.027207922947162212	0.0	0.0004418912947414936	0.0006646284726837697
k__Bacteria;p__Firmicutes;c__Negativicutes;o__Selenomonadales;f__Veillonellaceae;g__Dialister	0.0	0.0	0.0	0.008512363194162952	0.0025136154168412233	0.005116096025186935	0.0	0.0030211480362537764	0.022877478393492627	0.0032879286049788633	0.0	0.0	0.001152073732718894	0.0	0.0	0.14566395663956638	0.003234113912678924	0.0	0.0054267390231869765	0.019886363636363636	0.0	0.00663716814159292	0.004770992366412214	0.0	0.006888168557536467	0.030521262002743483	0.0	0.02032786885245902	0.00035932446999640676	0.0	0.0	0.0	0.0	0.0017018379850238256	0.0	0.05184977578475337	0.008668242710795903	0.0	0.0006752194463200541	0.002528901734104046	0.020675944333996023	0.0028548123980424145	0.001250679717237629	0.0	0.0004415011037527594	0.024859663191659984	0.001033901071992164	0.11570561456752655	0.002209456473707468	0.02126811112588063
k__Bacteria;p__Firmicutes;c__Negativicutes;o__Selenomonadales;f__Veillonellaceae;g__Megasphaera	0.0	0.09427748044462742	0.0	0.0	0.0	0.0	0.0	0.0	0.0	0.0	0.0032691609153650564	0.0	0.0	0.009874917709019092	0.0	0.0	0.0	0.0	0.0	0.0	0.0	0.0	0.03498727735368957	0.0	0.0	0.032578875171467764	0.0	0.0	0.1706791232482932	0.0	0.0	0.0	0.0	0.0	0.0	0.0	0.014578408195429472	0.0	0.0	0.0	0.0031809145129224653	0.0	0.0	0.0	0.0	0.0	0.0	0.0	0.0	0.0
k__Bacteria;p__Firmicutes;c__Negativicutes;o__Selenomonadales;f__Veillonellaceae;g__Selenomonas	0.0	0.0	0.0	0.0	0.0	0.0	0.0	0.0	0.0	0.0	0.0	0.0	0.0	0.0	0.0	0.0	0.0	0.0	0.0	0.0	0.0	0.0	0.0	0.0	0.0	0.0	0.0	0.0	0.0	0.0	0.0	0.0	0.0	0.0	0.0	0.0	0.0	0.0	0.0	0.0	0.0	0.0	0.0	0.0	0.0	0.0	0.0007074059966262176	0.0	0.0	0.0
k__Bacteria;p__Firmicutes;c__Negativicutes;o__Selenomonadales;f__Veillonellaceae;g__Veillonella	0.0	0.002470152326060107	0.00462178400862733	0.0	0.16045245077503142	0.0	0.0	0.0003356831151393085	0.0005083884087442806	0.015030530765617662	0.000726480203414457	6.360918516633803e-05	0.002304147465437788	0.0013166556945358788	0.0	0.0033875338753387536	5.989099838294304e-05	0.0008695652173913044	0.0014800197335964479	0.0022727272727272726	0.0	0.004424778761061947	0.0003180661577608143	0.022746781115879827	0.01985413290113452	0.0	0.0	0.0	0.0	0.006604506604506605	0.0	0.0	0.003574620196604111	0.0003403675970047651	0.0	0.0	0.018912529550827423	0.0	0.0	0.0	0.0015904572564612327	0.0	0.0017400761283306145	0.0	0.0	0.0	0.299559231648256	0.0007587253414264037	0.0004418912947414936	0.0017944968762461783
k__Bacteria;p__Fusobacteria;c__Fusobacteriia;o__Fusobacteriales;f__Fusobacteriaceae;g__Fusobacterium	0.0	0.0	0.0	0.0	0.0	0.0027548209366391185	0.0	0.17254112118160456	0.0	0.0009394081728511038	0.0003632401017072285	0.0	0.0007680491551459293	0.0	0.0	0.0	0.00029945499191471524	0.0	0.0	0.0022727272727272726	0.0	0.0	0.0	0.0	0.0	0.0	0.0	0.0	0.0	0.0	0.0	0.0	0.0	0.0003403675970047651	0.0	0.0	0.0	0.0	0.0	0.0	0.0031809145129224653	0.0	0.0	0.0	0.0	0.022453889334402566	0.008760951188986232	0.0	0.0	0.0
k__Bacteria;p__Fusobacteria;c__Fusobacteriia;o__Fusobacteriales;f__Leptotrichiaceae;g__Leptotrichia	0.0	0.0	0.0	0.0	0.0	0.0	0.0	0.0	0.0	0.0	0.0	0.0	0.0	0.0	0.0	0.0	0.0	0.0	0.0	0.0	0.0	0.0	0.0	0.0	0.0	0.0	0.0	0.0	0.0	0.0	0.0	0.0	0.0	0.0	0.0	0.0	0.0	0.0	0.0	0.0	0.0	0.0	0.0	0.0	0.0	0.0	0.0005441584589432443	0.0	0.0	0.0
k__Bacteria;p__Proteobacteria;c__Betaproteobacteria;o__Burkholderiales;f__Comamonadaceae;g__Acidovorax	0.005653266331658292	0.0	0.0	0.0	0.0	0.0	0.0	0.0	0.0	0.0	0.0	0.0	0.0	0.0026333113890717576	0.0	0.0	0.0	0.0	0.0	0.0	0.014915693904020753	0.0	0.0	0.0	0.0	0.0	0.0	0.0	0.0	0.0	0.005509641873278237	0.0011876484560570072	0.0	0.0	0.0	0.0	0.0	0.0	0.0	0.0	0.0	0.0	0.0	0.0	0.0	0.0	5.441584589432443e-05	0.0	0.0	0.0
k__Bacteria;p__Proteobacteria;c__Betaproteobacteria;o__Burkholderiales;f__Oxalobacteraceae;g__Herminiimonas	0.0043969849246231155	0.0	0.0	0.0	0.0	0.0	0.0	0.0	0.0	0.0	0.0	0.0	0.0	0.0	0.0	0.0	0.0	0.0	0.0	0.0	0.00648508430609598	0.0	0.0	0.0	0.0	0.0	0.0	0.0	0.0	0.0	0.003443526170798898	0.0011876484560570072	0.0	0.0	0.0	0.0	0.0	0.0	0.0	0.0	0.0	0.0004078303425774878	0.0	0.0	0.0004415011037527594	0.0	0.0	0.0	0.0	0.0
k__Bacteria;p__Proteobacteria;c__Betaproteobacteria;o__Burkholderiales;f__Sutterellaceae;g__Parasutterella	0.038944723618090454	0.0004116920543433512	0.013711292558927746	0.00040535062829347385	0.013405948889819858	0.0003935458480913026	0.0	0.001342732460557234	0.0	0.0	0.0	0.0	0.0	0.0	6.0705396709767496e-05	0.021341463414634148	0.00011978199676588608	0.003043478260869565	0.0	0.0	0.0	0.0055309734513274336	0.0	0.0	0.0	0.0	0.0	0.0	0.0	0.0	0.0	0.0005938242280285036	0.0	0.007488087134104833	0.0	0.003923766816143498	0.0	0.0008041817450743868	0.0	0.0180635838150289	0.005964214711729622	0.0008156606851549756	0.0001087547580206634	0.0009372071227741331	0.002207505518763797	0.0	0.0	0.0	0.0	0.0
k__Bacteria;p__Proteobacteria;c__Betaproteobacteria;o__Burkholderiales;f__Sutterellaceae;g__Sutterella	0.0	0.005351996706463565	0.0	0.0	0.0	0.0023612750885478157	0.0	0.0003356831151393085	0.0	0.0	0.0	0.0	0.0	0.0	0.0	0.0	0.0005390189854464875	0.0	0.0	0.0022727272727272726	0.0	0.0	0.0	0.0	0.0	0.0	0.0	0.0	0.0	0.0003885003885003885	0.0	0.0	0.0	0.0	0.00043687199650502403	0.0033632286995515697	0.0	0.0	0.00033760972316002703	0.0	0.0536779324055666	0.0	0.00831973898858075	0.0	0.0	0.0032076984763432237	0.0	0.0	0.0004418912947414936	0.02818024724179184
k__Bacteria;p__Proteobacteria;c__Betaproteobacteria;o__Neisseriales;f__Neisseriaceae;g__	0.0	0.0	0.0	0.0	0.0	0.0	0.0	0.0	0.0	0.0	0.0	0.0	0.0	0.0	0.0	0.0	0.0	0.0004347826086956522	0.0	0.0	0.0	0.0	0.0	0.0	0.0	0.0	0.0	0.0	0.0	0.0	0.0	0.0	0.0	0.0	0.0	0.0	0.0	0.0	0.0	0.0	0.0	0.0	0.0	0.06810371758825368	0.0004415011037527594	0.0	0.0	0.0	0.0	0.0
k__Bacteria;p__Proteobacteria;c__Deltaproteobacteria;o__;f__;g__	0.0018844221105527637	0.0	0.0	0.0	0.0	0.0	0.0	0.0	0.0	0.0	0.0	6.360918516633803e-05	0.0	0.0	0.0	0.0	0.0	0.0	0.0	0.0	0.009079118028534372	0.0	0.0	0.0	0.0	0.0	0.0	0.0	0.0	0.0	0.004132231404958678	0.0023752969121140144	0.0	0.0	0.0	0.0	0.0	0.0	0.0	0.0	0.0	0.0	0.0	0.0009372071227741331	0.0	0.0	0.0	0.0	0.0	0.0
k__Bacteria;p__Proteobacteria;c__Deltaproteobacteria;o__Desulfovibrionales;f__Desulfovibrionaceae;g__Bilophila	0.0	0.0	0.0	0.00040535062829347385	0.0008378718056137411	0.0	0.0	0.0003356831151393085	0.0	0.0	0.0	0.0	0.0	0.0	0.0	0.0	0.0	0.0	0.0	0.0	0.0	0.0	0.0003180661577608143	0.0	0.0	0.0	0.0	0.0	0.0	0.0	0.0	0.0	0.0	0.0	0.0	0.0	0.0	0.0004020908725371934	0.0	0.0	0.0015904572564612327	0.0	0.0	0.0	0.0	0.0	0.0	0.0	0.0	0.0
k__Bacteria;p__Proteobacteria;c__Epsilonproteobacteria;o__Campylobacterales;f__Campylobacteraceae;g__Campylobacter	0.0	0.0	0.0	0.0	0.004608294930875576	0.010232192050373868	0.035634743875278395	0.0003356831151393085	0.003050330452465684	0.0	0.0	0.0	0.0	0.0	0.0	0.0020325203252032522	0.0	0.0	0.000493339911198816	0.0011363636363636363	0.0	0.0022123893805309734	0.0	0.0	0.0	0.0013717421124828531	0.0	0.0	0.0	0.0	0.0	0.0	0.0	0.0003403675970047651	0.0	0.006446188340807175	0.0	0.0	0.0	0.0	0.016302186878727636	0.0	0.0	0.0	0.0	0.0052125100240577385	0.0	0.005690440060698027	0.0	6.646284726837697e-05
k__Bacteria;p__Proteobacteria;c__Gammaproteobacteria;o__Enterobacteriales;f__Enterobacteriaceae;g__	0.23052763819095476	0.0004116920543433512	0.00015405946695424435	0.02472638832590191	0.012149141181399245	0.006296733569460842	0.058277654046028214	0.5142665323934208	0.003050330452465684	0.0	0.05121685434071921	0.0	0.0	0.0	0.0006677593638074425	0.25067750677506767	0.4594837395939387	0.6926086956521742	0.006906758756783424	0.08863636363636364	0.0	0.047566371681415934	0.0031806615776081423	0.0	0.011750405186385737	0.0716735253772291	0.008078476630121177	0.05704918032786885	0.0032339202299676607	0.000777000777000777	0.010330578512396695	0.2143705463182898	0.0018617813523979744	0.0010211027910142954	0.006116207951070336	0.0005605381165919282	0.0003940110323089047	0.041013268998793734	0.022619851451721813	0.2698699421965316	0.11848906560636183	0.17536704730831984	0.1190864600326264	0.09528272414870353	0.32715231788079463	0.00400962309542903	0.010284594874027317	0.02276176024279211	0.22934158197083515	0.0012627940980991625
k__Bacteria;p__Proteobacteria;c__Gammaproteobacteria;o__Enterobacteriales;f__Enterobacteriaceae;g__Citrobacter	0.001256281407035176	0.0	0.0	0.0	0.0	0.0	0.0	0.0	0.0	0.0	0.0	0.0	0.0	0.0	0.0	0.0006775067750677507	0.00011978199676588608	0.0	0.0	0.0	0.0	0.0	0.0	0.0	0.0	0.0003429355281207133	0.0	0.0	0.0	0.0	0.0	0.0005938242280285036	0.0	0.0	0.0	0.0	0.0	0.0	0.0	0.0	0.00039761431411530816	0.0	5.43773790103317e-05	0.0	0.0	0.0	0.0	0.0	0.0	0.0
k__Bacteria;p__Proteobacteria;c__Gammaproteobacteria;o__Enterobacteriales;f__Enterobacteriaceae;g__Proteus	0.19158291457286433	0.0	0.0	0.0	0.05865102639296188	0.0	0.0	0.0	0.0	0.0	0.003632401017072285	0.0	0.0	0.0	0.0	0.0	0.0	0.0	0.0	0.0	0.0006485084306095979	0.0	0.0	0.0	0.0	0.0	0.0	0.0	0.0	0.0	0.0006887052341597796	0.0	0.0	0.0	0.001310615989515072	0.0	0.0	0.0	0.0	0.0	0.0	0.0	0.0	0.0006248047485160887	0.0	0.0	0.0	0.0	0.0	0.0
k__Bacteria;p__Proteobacteria;c__Gammaproteobacteria;o__Enterobacteriales;f__Enterobacteriaceae;g__Serratia	0.000628140703517588	0.0	0.0	0.0	0.0	0.0	0.0003711952487008166	0.0016784155756965425	0.0	0.0	0.0	0.0	0.0	0.0	0.0	0.0	0.0010181469725100316	0.0008695652173913044	0.0	0.0	0.0	0.0	0.0	0.0	0.0	0.0003429355281207133	0.0	0.0	0.0	0.0	0.0	0.0	0.0	0.0	0.0	0.0	0.0	0.0	0.0	0.0	0.0	0.0004078303425774878	5.43773790103317e-05	0.0	0.0008830022075055188	0.0	0.0	0.0	0.0	0.0
k__Bacteria;p__Proteobacteria;c__Gammaproteobacteria;o__Enterobacteriales;f__Enterobacteriaceae;g__Yersinia	0.04020100502512563	0.0	0.0	0.0	0.0	0.0	0.0	0.0003356831151393085	0.0	0.0	0.0003632401017072285	0.0	0.0	0.0	0.0	0.04031165311653116	0.0008384739773612027	0.0004347826086956522	0.0	0.0005681818181818182	0.0	0.0055309734513274336	0.0	0.0	0.0028363047001620746	0.0	0.0	0.0	0.0	0.0	0.0	0.0	0.0	0.0	0.0	0.0	0.0	0.0	0.0	0.0	0.0	0.0	0.0002718868950516585	0.00031240237425804435	0.0	0.0	0.0	0.0	0.0	0.0
k__Bacteria;p__Proteobacteria;c__Gammaproteobacteria;o__Pasteurellales;f__Pasteurellaceae;g__	0.001256281407035176	0.0	0.0	0.0	0.0	0.0	0.0	0.0	0.0005083884087442806	0.0	0.0	0.0	0.0	0.0	0.0	0.005420054200542005	0.0	0.0	0.000493339911198816	0.008522727272727272	0.0	0.007743362831858407	0.0	0.0	0.004457050243111832	0.0	0.0	0.0	0.0	0.0	0.0	0.0	0.0	0.0	0.0	0.0	0.0	0.0	0.0	0.0	0.0	0.0	0.0	0.0	0.0	0.0	0.0	0.00037936267071320183	0.0	0.0
k__Bacteria;p__Proteobacteria;c__Gammaproteobacteria;o__Pasteurellales;f__Pasteurellaceae;g__Haemophilus	0.008165829145728644	0.0	0.0	0.0	0.0	0.0	0.0	0.0	0.0	0.0	0.0	0.0	0.0	0.0	0.0	0.0	0.0	0.0	0.000986679822397632	0.026704545454545457	0.0	0.0022123893805309734	0.0	0.0	0.004457050243111832	0.0	0.0	0.0	0.0	0.0	0.0	0.0	0.0	0.0	0.0	0.0	0.0	0.0	0.0	0.004696531791907515	0.00039761431411530816	0.0004078303425774878	5.43773790103317e-05	0.0	0.0004415011037527594	0.0	0.0	0.0	0.0004418912947414936	0.0
k__Bacteria;p__Proteobacteria;c__Gammaproteobacteria;o__Pseudomonadales;f__Pseudomonadaceae;g__Pseudomonas	0.15012562814070352	0.0004116920543433512	0.0	0.0	0.0	0.0	0.0	0.0	0.0005083884087442806	0.0004697040864255519	0.0	0.0	0.0	0.003949967083607637	0.0	0.0	0.00017967299514882914	0.0004347826086956522	0.0	0.0	0.6809338521400778	0.0	0.0	0.0	0.0	0.0024005486968449933	0.0	0.005245901639344262	0.0	0.0	0.18181818181818182	0.0665083135391924	0.0	0.0003403675970047651	0.0	0.0	0.0	0.0	0.0	0.0	0.0	0.0012234910277324632	0.0	0.0	0.0	0.0	0.0	0.0	0.0	0.0
k__Bacteria;p__Spirochaetes;c__Spirochaetia;o__Spirochaetales;f__Spirochaetaceae;g__Treponema	0.0	0.0	0.0	0.0	0.0	0.0	0.0	0.0	0.0010167768174885613	0.020197275716298733	0.0	0.0	0.004224270353302612	0.0	0.0	0.0	0.0	0.0	0.0	0.0	0.0	0.0	0.0	0.004721030042918455	0.0	0.0	0.0	0.0	0.0	0.0	0.0	0.0	0.0	0.0	0.0	0.0	0.0	0.0	0.0	0.0	0.0	0.0	0.0	0.0	0.0	0.0	0.0	0.0	0.0	0.0
k__Bacteria;p__Synergistetes;c__Synergistia;o__Synergistales;f__Synergistaceae;g__Cloacibacillus	0.0	0.0	0.0	0.0	0.0	0.0	0.014105419450631032	0.0	0.0	0.0	0.0	0.0	0.0	0.0	0.0	0.0	0.0	0.0	0.0	0.0	0.0	0.0	0.0	0.0	0.0	0.0	0.0	0.0	0.0	0.0	0.0	0.0	0.0	0.0	0.0	0.0	0.0	0.0	0.0	0.0	0.0	0.0008156606851549756	0.0	0.0	0.0	0.0	0.0	0.0	0.0	0.0
k__Bacteria;p__Synergistetes;c__Synergistia;o__Synergistales;f__Synergistaceae;g__Jonquetella	0.0	0.0	0.0	0.0	0.0	0.0	0.0	0.0	0.0020335536349771225	0.0	0.0	0.0	0.0	0.0	0.0	0.0	0.0	0.0	0.0	0.0	0.0	0.0	0.0	0.0	0.0	0.0	0.0	0.0	0.0	0.0	0.0	0.0	0.0	0.0	0.0	0.0	0.0	0.0	0.0	0.0	0.0	0.0	0.0001087547580206634	0.0	0.0	0.0	0.0	0.0037936267071320183	0.0	0.0
k__Bacteria;p__Tenericutes;c__Mollicutes;o__;f__;g__	0.0	0.0	0.0	0.0	0.0	0.0	0.013734224201930215	0.0	0.0010167768174885613	0.0028182245185533112	0.0	0.0	0.0	0.0	0.0	0.0	0.0	0.0	0.0	0.0	0.0	0.0	0.0	0.0	0.0	0.0054869684499314125	0.0	0.0	0.00035932446999640676	0.0	0.0	0.0	0.0	0.0	0.0	0.0	0.0	0.0	0.0	0.0	0.0	0.0	0.0	0.0	0.0	0.0	0.0	0.0	0.0008837825894829872	0.0
k__Bacteria;p__Tenericutes;c__Mollicutes;o__Mycoplasmatales;f__Mycoplasmataceae;g__Ureaplasma	0.0	0.0	0.0	0.0	0.0	0.0	0.0	0.0	0.0	0.0	0.0	0.0	0.0	0.0	0.0	0.0	0.0	0.0	0.000493339911198816	0.0	0.0	0.0	0.0	0.0	0.0	0.0	0.0	0.0	0.0	0.0	0.0	0.0	0.0	0.0	0.0	0.0	0.0	0.0	0.0	0.0	0.0	0.01101141924959217	0.0	0.0	0.0	0.0	0.0	0.0	0.0	0.0
k__Bacteria;p__Verrucomicrobia;c__Verrucomicrobiae;o__Verrucomicrobiales;f__Verrucomicrobiaceae;g__Akkermansia	0.0	0.019349526554137506	0.0	0.005674908796108634	0.0	0.0059031877213695395	0.010764662212323682	0.0003356831151393085	0.0	0.0	0.02869596803487105	0.0	0.0	0.0	0.0	0.0	0.0	0.0	0.0	0.0005681818181818182	0.0	0.0	0.005407124681933842	0.0	0.0	0.012002743484224965	0.0	0.0	0.02874595759971254	0.0	0.0	0.0	0.0	0.0017018379850238256	0.0	0.0002802690582959641	0.005516154452324665	0.0	0.00033760972316002703	0.0	0.0	0.0004078303425774878	0.0	0.0	0.0	0.00400962309542903	0.0	0.0	0.0	0.0
