study_condition	nonNASH-OB	nonNASH-OB	H	H	H	H	nonNASH-OB	H	H	H	H	H	nonNASH-OB	H	H	H	H	nonNASH-OB	H	nonNASH-OB	nonNASH-OB	nonNASH-OB	H	nonNASH-OB	H	nonNASH-OB	nonNASH-OB	nonNASH-OB	nonNASH-OB	nonNASH-OB	nonNASH-OB	nonNASH-OB	nonNASH-OB	nonNASH-OB	nonNASH-OB	nonNASH-OB	nonNASH-OB	nonNASH-OB	nonNASH-OB	nonNASH-OB	nonNASH-OB
k__Bacteria;p__;c__;o__;f__;g__	0.0	0.0	0.00023228803716608595	0.0	0.00013388673182487614	0.0002261079288513717	0.0	8.050881571532083e-05	0.0	0.0	0.0	0.0003666495563540368	0.0013128426905552552	0.000302907915993538	0.0	0.0004512635379061372	0.0	0.0	0.00673950056753689	0.0	0.0	0.0	0.0	7.425558773297691e-05	0.0003774653203736907	0.0	0.0	0.0001147842056932966	0.0	0.0006926273664768354	0.0	0.0	0.0	0.0	0.0	0.000159821000479463	0.0	0.0007948335817188276	0.015751633986928103	0.00021367521367521368	0.0
k__Bacteria;p__Actinobacteria;c__Actinobacteria;o__Actinomycetales;f__;g__	0.0007430340557275541	0.0	0.0	0.0	0.0	0.0	0.0	0.0	0.0	0.0	0.0	0.00014665982254161473	7.722604062089736e-05	0.0	0.0	0.0	0.0	0.00014671361502347418	7.094211123723042e-05	0.00019725162732592543	0.0	0.0012687288545190913	0.0	0.007722581124229598	0.0	0.0	0.00011125945705384957	0.0001147842056932966	0.0	7.695859627520394e-05	0.00010128633647320976	0.0	0.0	0.0	0.00256328099967959	0.002237494006712482	0.0007815552950371239	0.0006954793840039742	0.00032679738562091506	0.00021367521367521368	0.003307315782510914
k__Bacteria;p__Actinobacteria;c__Actinobacteria;o__Actinomycetales;f__Actinomycetaceae;g__Actinomyces	0.001238390092879257	0.0	0.0	0.0	6.694336591243807e-05	0.00030147723846849563	7.390436774813391e-05	0.0	0.0	7.319036814755179e-05	0.0	0.0	0.0	0.00020193861066235866	0.0	0.0	0.0	0.0	0.0	0.0	0.0	0.0	0.0	0.0	0.00018873266018684534	0.0	0.0003337783711615487	0.0002295684113865932	0.0	0.0	0.00030385900941962927	0.0	0.0	0.0	0.0019224607497596924	0.0	0.0	0.0001987083954297069	0.0032026143790849673	0.0	0.0
k__Bacteria;p__Actinobacteria;c__Actinobacteria;o__Actinomycetales;f__Actinomycetaceae;g__Arcanobacterium	0.0002476780185758514	0.0	0.0	0.0	0.0	0.0	0.0	0.0	0.0	0.0	0.0	0.0	0.0	0.0	0.0	0.0	0.0	0.0	0.0	6.575054244197515e-05	0.0	0.0	0.0	0.00029702235093190764	0.0	0.0	0.0	0.0	0.0	0.0	0.0	0.0	0.0	0.0	0.0	0.0	0.0	0.0	0.0	0.0	0.0
k__Bacteria;p__Actinobacteria;c__Actinobacteria;o__Actinomycetales;f__Actinomycetaceae;g__Mobiluncus	0.0011145510835913314	0.0	0.0	0.0	0.0	0.0	0.0	0.0	0.0	0.0	0.0	0.00014665982254161473	0.00015445208124179472	0.0	0.0	0.0	0.0	0.0	0.0	0.0	0.0	6.041565973900435e-05	0.0	0.00022276676319893073	0.0	0.0	0.00011125945705384957	0.0	0.0	7.695859627520394e-05	0.00010128633647320976	0.0	0.0	0.0	0.0	0.0	0.0	9.935419771485345e-05	0.005294117647058824	0.00021367521367521368	0.0
k__Bacteria;p__Actinobacteria;c__Actinobacteria;o__Actinomycetales;f__Actinomycetaceae;g__Varibaculum	0.0007430340557275541	0.0	0.0	0.0	0.0	0.0	0.0	0.0	0.0	0.0	0.0	0.0	0.0006950343655880763	0.0	0.0	0.0	0.0	0.0	0.0007094211123723042	6.575054244197515e-05	0.0	0.0019333011116481392	0.0	0.004603846439444568	9.436633009342267e-05	0.0	0.00011125945705384957	0.001147842056932966	0.0	0.00015391719255040788	0.00010128633647320976	9.876543209876543e-05	0.0	0.0	0.0	0.0	0.0	0.007650273224043716	0.0058823529411764705	0.005555555555555556	0.005688583145918773
k__Bacteria;p__Actinobacteria;c__Actinobacteria;o__Actinomycetales;f__Brevibacteriaceae;g__Brevibacterium	0.0	0.0	0.0	0.0	0.0	0.0	0.0	0.0	0.0	0.0	0.0	0.0	7.722604062089736e-05	0.0	0.0	0.0	0.0	0.0	0.04795686719636776	0.0	0.0	0.0	0.0	0.0	0.0	0.0	0.0	0.0	0.0	0.0	0.0	0.0	0.0	0.0	0.0	0.0	0.0	0.0	0.0	0.0	0.0
k__Bacteria;p__Actinobacteria;c__Actinobacteria;o__Actinomycetales;f__Corynebacteriaceae;g__Corynebacterium	0.0	0.003424657534246575	0.0	0.0	0.0	0.0	0.0	0.0	0.0	0.0	0.0	0.0	0.0006950343655880763	0.0	0.0	0.0	0.0	0.0	0.009790011350737798	6.575054244197515e-05	0.0004496402877697842	6.041565973900435e-05	0.0	0.0036385237989158686	0.0	0.0	0.00011125945705384957	0.0	0.0	0.0	0.0	0.0	0.0	0.0	0.02611342518423582	0.0	0.03399765533411488	0.0	6.535947712418301e-05	0.0	0.00013229263130043657
k__Bacteria;p__Actinobacteria;c__Actinobacteria;o__Actinomycetales;f__Microbacteriaceae;g__	0.0	0.0	0.0	0.0	0.0	0.0	0.0	0.0	0.0	0.0	0.0	0.0	0.0	0.0	0.0	0.0	0.0	0.0	0.006313847900113507	0.0	0.0	0.0	0.0	0.0	0.0	0.0	0.0	0.0	0.0	0.0	0.0	0.0	0.0	0.0	0.0	0.0	0.0	0.0	0.0	0.0	0.0
k__Bacteria;p__Actinobacteria;c__Actinobacteria;o__Bifidobacteriales;f__Bifidobacteriaceae;g__Bifidobacterium	0.0	0.008133561643835616	0.03623693379790941	0.0329608938547486	0.005422412638907484	0.0	0.0368043751385707	0.0008050881571532082	0.027122226135963372	0.04435336309741637	0.06729857819905212	0.002126567426853413	0.0	0.0707794830371567	0.05794837461876069	0.0050767148014440435	0.01366120218579235	0.08245305164319247	7.094211123723042e-05	0.0005260043395358012	0.0010491606714628297	0.0012687288545190913	0.013201320132013205	0.004381079676245637	0.046145135415683686	0.021956295525494277	0.02570093457943925	0.01848025711662075	0.0	0.0	0.0008102906917856782	0.009777777777777778	0.00012217470983506414	0.08146572877474237	0.001281640499839795	0.0	0.0002605184316790413	0.051366120218579225	0.00013071895424836603	0.03867521367521367	0.027781452573091676
k__Bacteria;p__Actinobacteria;c__Actinobacteria;o__Bifidobacteriales;f__Bifidobacteriaceae;g__Gardnerella	0.009907120743034056	0.0	0.0	0.0	0.0	0.0	0.0	0.0	0.0	0.0	0.0	0.0	0.0	0.0	0.0	0.0	0.0	0.0	0.0	0.0	0.0	0.0	0.0	0.0	0.0	0.0	0.0	0.0	0.0	0.0	0.0	0.0005925925925925926	0.0	0.0	0.0	0.0	0.0	0.0	0.00026143790849673205	0.0	0.0
k__Bacteria;p__Actinobacteria;c__Actinobacteria;o__Coriobacteriales;f__Coriobacteriaceae;g__	0.0	0.0	0.003600464576074332	0.0005586592178770949	0.0014058106841611997	7.536930961712391e-05	0.0010346611484738748	0.0002415264471459625	0.0	0.00029276147259020715	0.0	0.00014665982254161473	0.0	0.001211631663974152	0.0003719407870267054	0.0001128158844765343	0.0	0.0	0.0	0.0	0.0	6.041565973900435e-05	0.00023573785950023574	0.00014851117546595382	0.000566197980560536	0.0	0.0003337783711615487	0.0	0.0	0.0	0.00010128633647320976	9.876543209876543e-05	0.0002443494196701283	0.0014722722067724522	0.0	0.0	0.0	9.935419771485345e-05	0.0	0.0	0.00013229263130043657
k__Bacteria;p__Actinobacteria;c__Actinobacteria;o__Coriobacteriales;f__Coriobacteriaceae;g__Atopobium	0.002848297213622291	0.0	0.0	0.0	0.0	0.0	0.0	0.0	0.0	0.0	0.0	0.0002199897338124221	0.0	0.0	0.0	0.0	0.0	0.0	0.0	0.0	0.0	0.0	0.0	0.0	0.0	0.0	0.0	0.0	0.0	0.0	0.0	0.0	0.0	0.0	0.0	0.0	0.0	0.0	0.0	0.0	0.0
k__Bacteria;p__Actinobacteria;c__Actinobacteria;o__Coriobacteriales;f__Coriobacteriaceae;g__Collinsella	0.0	0.003852739726027397	0.0022067363530778165	0.002932960893854749	0.0010710938545990091	0.0	0.0	8.050881571532083e-05	0.0003522367030644593	0.00029276147259020715	0.000315955766192733	0.0004399794676248442	0.0	0.002423263327948304	0.0019340920925388677	0.0	0.0	0.0	0.0	0.0005917548819777764	0.0	0.00018124697921701306	0.000942951438000943	0.0008910670527957229	0.002642257242615835	0.0002081165452653486	0.0013351134846461949	0.0	0.0009204336265084885	0.0	0.00030385900941962927	0.0023703703703703703	0.0002443494196701283	0.0017994438082774415	0.0	0.000159821000479463	0.0	0.0018877297565822156	6.535947712418301e-05	0.0	0.00013229263130043657
k__Bacteria;p__Actinobacteria;c__Actinobacteria;o__Coriobacteriales;f__Coriobacteriaceae;g__Eggerthella	0.0	0.0008561643835616438	0.0003484320557491289	0.0	0.0002008300977373142	0.0007536930961712391	0.0010346611484738748	0.0	0.0	0.0	0.0	0.0	0.0	0.00010096930533117933	0.0	0.0	0.0	7.335680751173709e-05	0.0	6.575054244197515e-05	0.00014988009592326138	0.0	0.0	0.00014851117546595382	0.0	0.0	0.00022251891410769915	0.0013774104683195593	0.00020454080589077522	0.0	0.0	0.0	0.0	0.0	0.0	0.000319642000958926	0.0	0.0	0.0	0.0	0.0003968778939013097
k__Bacteria;p__Actinobacteria;c__Actinobacteria;o__Coriobacteriales;f__Coriobacteriaceae;g__Olsenella	0.0001238390092879257	0.0	0.0	0.0	0.0	0.0	0.0	0.0	0.0	0.0	0.0	0.0	0.0	0.0	0.0	0.0	0.0	0.0	0.0	0.0	0.0	0.0001208313194780087	0.0	7.425558773297691e-05	0.0	0.0	0.00011125945705384957	0.0	0.0	7.695859627520394e-05	0.0	0.0	0.0	0.0	0.00016020506247997436	0.0	0.0	0.0	0.0	0.0	0.0
k__Bacteria;p__Bacteroidetes;c__;o__;f__;g__	0.0	0.0	0.0	0.0	0.0	0.0	0.0	0.0	0.0	0.0	0.0	0.0	0.0	0.0	0.0	0.0	0.0	0.0	0.0	0.0	0.00014988009592326138	0.004893668438859352	0.0	0.0	0.0	0.0	0.0	0.0001147842056932966	0.0	0.0	0.0	0.0	0.0	0.0	0.0	0.0	0.0	0.0	0.0005228758169934641	0.0	0.0
k__Bacteria;p__Bacteroidetes;c__Bacteroidia;o__Bacteroidales;f__;g__	0.0	0.0	0.0	0.0	0.0	0.0	0.0	0.0	0.0	0.0	0.0	0.0	0.0	0.0	0.0	0.0	0.0	0.0	0.0	0.0	0.0	0.0032020299661672308	0.0	7.425558773297691e-05	0.0	0.0	0.0	0.0	0.0	0.0	0.0	0.0	0.0	0.0	0.0	0.0	0.0	0.0	0.000718954248366013	0.0	0.0
k__Bacteria;p__Bacteroidetes;c__Bacteroidia;o__Bacteroidales;f__Bacteroidaceae;g__Bacteroides	0.02860681114551083	0.5158390410958901	0.0423925667828107	0.24385474860335243	0.09405542910697559	0.23047934880916515	0.04389919444239157	0.5997101682634237	0.03909827404015499	0.21700944155749097	0.2069510268562402	0.09298232749138365	0.02965479959842461	0.2879644588045236	0.07795878896079751	0.20182761732852006	0.44535519125683065	0.5971977699530525	0.001347900113507378	0.6746005654546643	0.7604916067146291	0.19115514741420966	0.2677982083922678	0.14702606371129442	0.5197697461545718	0.017273673257023933	0.5836671117044947	0.4325068870523416	0.666905297606874	0.00023087578882561183	0.3630102299199843	0.22409876543209875	0.030299328039095914	0.043186651398658606	0.0036847164370394105	0.16765222950295675	0.07737397420867526	0.11952309985096876	0.0008496732026143792	0.1899572649572649	0.3573223971424788
k__Bacteria;p__Bacteroidetes;c__Bacteroidia;o__Bacteroidales;f__Porphyromonadaceae;g__	0.0	0.0	0.0	0.0	0.0	0.0	0.0	0.0	0.0	0.0	0.0	0.0	0.0	0.0	0.002901138138808302	0.0	0.015482695810564663	0.0	0.0	0.0	0.0	0.004108264862252296	0.0	0.0	0.0	0.0	0.0	0.0001147842056932966	0.0012272448353446513	0.0	0.0	0.0	0.002199144777031155	0.0	0.0	0.0	0.002214406669271851	9.935419771485345e-05	0.00823529411764706	0.00021367521367521368	0.0
k__Bacteria;p__Bacteroidetes;c__Bacteroidia;o__Bacteroidales;f__Porphyromonadaceae;g__Barnesiella	0.0001238390092879257	0.0	0.00023228803716608595	0.0008379888268156424	0.00522158254117017	0.0	0.0	0.0016101763143064165	0.0	0.00014638073629510357	0.0036334913112164298	0.00806629023978881	0.00015445208124179472	0.0	0.0018597039351335267	0.019291516245487365	0.0	0.0	0.0	0.0	0.0004496402877697842	0.003504108264862252	0.008722300801508723	0.002598945570654192	0.008776068698688308	0.0	0.0	0.0	0.0010227040294538761	0.0	0.0015192950470981463	0.0	0.0	0.0	0.0	0.0	0.0	0.0011922503725782414	0.0	0.00021367521367521368	0.0
k__Bacteria;p__Bacteroidetes;c__Bacteroidia;o__Bacteroidales;f__Porphyromonadaceae;g__Butyricimonas	0.0	0.0	0.00011614401858304297	0.0	0.0	0.0	0.0	0.00048305289429192495	0.0	0.0	0.000315955766192733	0.0	0.0	0.0	0.0	0.0	0.0	0.0	0.0	0.0	0.0	0.0006041565973900435	0.0	0.0	0.0	0.0	0.0	0.00573921028466483	0.0	0.0	0.0	0.000691358024691358	0.00012217470983506414	0.0	0.0	0.003036599009109797	0.0	0.00029806259314456036	0.0	0.0	0.0
k__Bacteria;p__Bacteroidetes;c__Bacteroidia;o__Bacteroidales;f__Porphyromonadaceae;g__Odoribacter	0.0	0.0	0.00011614401858304297	0.00027932960893854746	0.0021421877091980183	0.001658124811576726	0.0	0.006118669994364383	0.0	0.000658713313327966	0.000315955766192733	0.0009532888465204957	0.0007722604062089737	0.0014135702746365104	0.0	0.005189530685920578	0.0	0.0	0.0	0.0	0.005845323741007194	0.0010874818753020782	0.004243281471004243	0.0	0.0024535245824289895	0.0009365244536940686	0.00011125945705384957	0.0	0.0	0.0	0.0005064316823660489	0.0009876543209876543	0.0009773976786805131	0.0	0.0	0.0	0.0	0.004868355688027819	0.0	0.004914529914529914	0.0
k__Bacteria;p__Bacteroidetes;c__Bacteroidia;o__Bacteroidales;f__Porphyromonadaceae;g__Parabacteroides	0.00037151702786377707	0.00898972602739726	0.0018583042973286876	0.011033519553072624	0.004418262150220913	0.0	0.001995417929199616	0.022381450768859192	0.0008218856404837384	0.006147990924394349	0.009636650868878356	0.017012539414827308	0.006332535330913585	0.0026252019386106625	0.016439782786580377	0.014101985559566786	0.08333333333333334	0.0022007042253521123	0.0	0.01906765730817279	0.008842925659472423	0.007491541807636539	0.02899575671852899	0.004826613202643499	0.019722562989525336	0.0009365244536940687	0.03704939919893191	0.06496786042240588	0.02403354469216609	0.0	0.0030385900941962926	0.04750617283950618	0.002810018326206475	0.012432520857189596	0.00016020506247997436	0.022694582068083745	0.0019538882375928096	0.006557377049180328	0.00032679738562091506	0.00876068376068376	0.151210477576399
k__Bacteria;p__Bacteroidetes;c__Bacteroidia;o__Bacteroidales;f__Porphyromonadaceae;g__Porphyromonas	0.030712074303405567	0.0	0.0	0.0	0.00013388673182487614	0.0	0.0	0.0	0.0	0.00014638073629510357	0.0	0.00388648529735279	0.00038613020310448683	0.00020193861066235866	0.0	0.0	0.00273224043715847	0.0012470657276995303	0.01525255391600454	0.0024327700703530805	0.0007494004796163068	0.00809569840502658	0.0	0.016484740476720872	0.0006605643106539587	0.0	0.0038940809968847343	0.010674931129476586	0.00010227040294538761	0.026396798522394956	0.033323204699686006	0.0002962962962962963	0.0	0.0	0.4418455623197693	0.08198817324596452	0.040380356910251394	0.014008941877794341	0.1498692810457516	0.008547008547008544	0.004101071570313534
k__Bacteria;p__Bacteroidetes;c__Bacteroidia;o__Bacteroidales;f__Prevotellaceae;g__	0.0	0.0	0.0	0.0	0.0	0.0	0.0	0.0	0.0	0.0	0.0	0.0	0.0	0.0	0.0	0.0	0.0	0.0	0.00014188422247446084	6.575054244197515e-05	0.0	0.0	0.0	0.0	9.436633009342267e-05	0.0	0.0	0.0	0.0	0.0	0.0007090043553124683	0.0	0.0	0.0	0.0	0.0	0.0	0.0	0.0	0.0	0.0
k__Bacteria;p__Bacteroidetes;c__Bacteroidia;o__Bacteroidales;f__Prevotellaceae;g__Alloprevotella	0.0	0.0	0.0	0.0	0.0	0.0	0.0	0.0	0.0	0.0	0.0	0.0	0.0	0.0	0.0	0.0	0.0	0.0	0.0	0.0	0.0	0.021628806186563557	0.0	0.0	0.0	0.0	0.0	0.0	0.0	0.0	0.00020257267294641952	0.0	0.12376298106291998	0.0	0.0	0.0	0.0	0.0	0.0	0.0	0.0
k__Bacteria;p__Bacteroidetes;c__Bacteroidia;o__Bacteroidales;f__Prevotellaceae;g__Hallella	0.0	0.0004280821917808219	0.0	0.0	0.0	0.0	0.0	0.0	0.0	0.0	0.0	0.0	0.0	0.0	0.0	0.0	0.0	0.0	0.002412031782065834	0.00019725162732592546	0.0	0.0	0.0	0.0005197891141308383	0.0	0.0	0.0016688918558077437	0.0010330578512396695	0.0	0.0	0.009622201964954927	0.0	0.0	0.0	0.0	0.0	0.0	0.0	0.0203921568627451	0.00021367521367521368	0.0
k__Bacteria;p__Bacteroidetes;c__Bacteroidia;o__Bacteroidales;f__Prevotellaceae;g__Paraprevotella	0.0	0.0	0.0	0.0	0.0	0.0	0.0	0.044279848643426455	0.0	0.003073995462197175	0.0	7.332991127080736e-05	0.00023167812186269208	0.0	7.438815740534107e-05	0.0	0.0	0.0	0.0	0.0	0.001199040767386091	0.0006041565973900435	0.0	0.0	0.0	0.0	0.0	0.0	0.01585191245653508	0.0	0.0	0.00582716049382716	0.0002443494196701283	0.029118272533944056	0.0	0.0	0.0	0.0	0.0	0.0	0.0
k__Bacteria;p__Bacteroidetes;c__Bacteroidia;o__Bacteroidales;f__Prevotellaceae;g__Prevotella	0.6439628482972135	0.0004280821917808219	0.0	0.0	0.0	7.536930961712391e-05	7.390436774813391e-05	0.0002415264471459625	0.00011741223435481978	0.00014638073629510357	0.0001579778830963665	0.2382488817188532	0.007799830102710632	0.00020193861066235866	0.008108309157182176	0.26590703971119134	0.0004553734061930783	0.01232394366197183	0.034619750283768444	0.009270826484318494	0.007943645083932853	0.4697317544707588	0.0	0.29679958416870866	0.000283098990280268	0.879604578563996	0.003671562082777036	0.022382920110192835	0.0007158928206177132	0.02978297675850393	0.2927175124075762	0.25866666666666677	0.5147220525351253	0.017340094879764435	0.14322332585709704	0.42688189228064566	0.4728409534974601	0.0020864381520119225	0.3347712418300652	0.0023504273504273508	0.00013229263130043657
k__Bacteria;p__Bacteroidetes;c__Bacteroidia;o__Bacteroidales;f__Rikenellaceae;g__Alistipes	0.0	0.0	0.005226480836236934	0.015083798882681562	0.019681349578256794	0.003165511003919204	0.002956174709925356	0.03365268496900411	0.0004696489374192791	0.029422527995315816	0.0	0.005353083522768939	0.002316781218626921	0.008178513731825524	0.021275013017927547	0.04253158844765343	0.10974499089253188	0.003594483568075117	7.094211123723042e-05	0.007890065093037017	0.011990407673860911	0.004531174480425325	0.019330504479019336	0.006311724957303036	0.017080305746909503	0.0026014568158168575	0.02258566978193147	0.005509641873278236	0.017692779709552055	0.0	0.006482325534285425	0.034469135802469145	0.0003665241295051924	0.014559136266972025	0.00016020506247997436	0.000639284001917852	0.0020841474534323305	0.01838052657724789	0.00019607843137254904	0.013034188034188035	0.010054239978833177
k__Bacteria;p__Firmicutes;c__;o__;f__;g__	0.0	0.0	0.0008130081300813008	0.0011173184357541898	0.0014727540500736377	0.002788664455833584	0.0	0.006360196441510345	0.00023482446870963955	0.0022689014125741053	0.000631911532385466	0.0008799589352496884	0.0004633562437253842	0.0	0.005430335490589898	0.0628384476534296	0.0	0.0006602112676056338	0.0	0.0003287527122098758	0.0005995203836930455	0.00030207829869502174	0.0023573785950023575	0.0011138338159946536	0.0023591582523355666	0.0001040582726326743	0.0	0.0001147842056932966	0.00010227040294538761	0.0	0.0	0.001382716049382716	0.0	0.008670047439882218	0.0	0.0	0.0	0.011127670144063587	0.006666666666666667	0.0057692307692307696	0.0
k__Bacteria;p__Firmicutes;c__Bacilli;o__Bacillales;f__Staphylococcaceae;g__Staphylococcus	0.0	0.0	0.0	0.0	0.0	0.0	0.0	8.050881571532083e-05	0.0	0.0	0.0	0.0	0.00038613020310448683	0.0	0.0	0.0	0.0	0.0	0.0	0.0	0.0	0.0	0.0	0.00044553352639786146	0.0	0.0	0.0	0.0	0.0	0.0	0.0	0.0	0.00012217470983506414	0.0	0.0008010253123998718	0.0	0.0	9.935419771485345e-05	0.0	0.0	0.0
k__Bacteria;p__Firmicutes;c__Bacilli;o__Lactobacillales;f__Aerococcaceae;g__Facklamia	0.00037151702786377707	0.0	0.0	0.0	0.0	0.0	0.0	0.0	0.0	0.0	0.0	0.0	0.0	0.0	0.0	0.0	0.0	0.00022007042253521127	0.11414585698070374	0.0	0.0	0.0	0.0	0.0	0.0	0.0	0.0	0.0	0.0	0.00046175157765122367	0.0	0.0	0.0	0.0	0.0	0.0	0.0002605184316790413	0.0	0.0	0.0	0.0
k__Bacteria;p__Firmicutes;c__Bacilli;o__Lactobacillales;f__Enterococcaceae;g__Enterococcus	0.0	0.004708904109589041	0.0	0.0	0.0	0.0	0.0	0.0	0.0	0.0	0.0	0.0	0.0	0.0	0.0	0.0	0.0	0.0	0.00021282633371169125	6.575054244197515e-05	0.0	0.0	0.0	0.0	0.0	0.0	0.0	0.0	0.0	0.0	0.0	0.0	0.0	0.0	0.0	0.0	0.0	0.0	0.0	0.0	0.00013229263130043657
k__Bacteria;p__Firmicutes;c__Bacilli;o__Lactobacillales;f__Lactobacillaceae;g__Lactobacillus	0.0	0.0	0.0	0.0	0.0	0.0	0.0	0.0	0.0	0.0	0.0	0.0	0.0025484593404896134	0.0	0.0	0.0	0.0	0.00029342723004694836	0.0	0.0	0.0022482014388489208	0.0	0.0	0.0	0.0	0.0	0.0	0.0	0.0	0.0	0.0	0.0	0.00012217470983506414	0.0	0.0	0.0	0.0	0.0	6.535947712418301e-05	0.0	0.0
k__Bacteria;p__Firmicutes;c__Bacilli;o__Lactobacillales;f__Leuconostocaceae;g__Leuconostoc	0.0001238390092879257	0.0004280821917808219	0.0	0.0	0.0	0.0	7.390436774813391e-05	0.0	0.0	0.0003659518407377589	0.0	0.00014665982254161473	0.00038613020310448683	0.00010096930533117933	0.00014877631481068215	0.0	0.0	7.335680751173709e-05	0.00028376844494892167	0.0006575054244197516	0.00014988009592326138	0.0009666505558240697	0.0	0.0011880894037276306	0.0	0.0	0.0005562972852692479	0.0	0.0	0.0	0.00020257267294641952	0.0003950617283950617	0.0	0.0	0.00016020506247997436	0.000319642000958926	0.0	0.0004967709885742673	0.0006535947712418301	0.0008547008547008547	0.0003968778939013097
k__Bacteria;p__Firmicutes;c__Bacilli;o__Lactobacillales;f__Leuconostocaceae;g__Weissella	0.00037151702786377707	0.0017123287671232876	0.00011614401858304297	0.0	6.694336591243807e-05	0.0002261079288513717	0.0	0.0	0.0	0.0006587133133279661	0.0	0.00029331964508322946	0.00030890416248358944	0.00010096930533117933	0.0	0.0	0.0	0.0	0.00014188422247446084	0.0009862581366296272	0.0	0.0007854035766070565	0.0	0.0020791564565233534	0.0	0.0	0.001001335113484646	0.0004591368227731864	0.0	0.0	0.00020257267294641952	0.00019753086419753085	0.0	0.0001635858007524947	0.0	0.000799105002397315	0.0	0.0005961251862891207	0.000784313725490196	0.0017094017094017094	0.00026458526260087314
k__Bacteria;p__Firmicutes;c__Bacilli;o__Lactobacillales;f__Streptococcaceae;g__Lactococcus	0.0001238390092879257	0.0012842465753424657	0.00023228803716608595	0.0	0.0004016601954746285	0.000829062405788363	7.390436774813391e-05	0.0	0.00011741223435481978	0.0005123325770328625	0.0	0.0002199897338124221	7.722604062089736e-05	0.00010096930533117933	7.438815740534107e-05	0.0001128158844765343	0.0	0.0	0.0	6.575054244197515e-05	0.0	0.0001208313194780087	0.0	0.0003712779386648846	0.00018873266018684534	0.0	0.0004450378282153983	0.0	0.00010227040294538761	0.0	0.0	0.0	0.0	0.0	0.0	0.000159821000479463	0.0	0.0005961251862891207	0.00026143790849673205	0.0	0.0
k__Bacteria;p__Firmicutes;c__Bacilli;o__Lactobacillales;f__Streptococcaceae;g__Streptococcus	0.001238390092879257	0.004708904109589041	0.005923344947735193	0.007402234636871508	0.002878564734234837	0.0032408803135363278	0.004582070800384302	8.050881571532083e-05	0.0052835505459668895	0.0019761399399838985	0.009794628751974723	0.0013199384028745324	0.0024712332998687156	0.005553311793214863	0.010116789407126386	0.0009025270758122744	0.0004553734061930783	0.0016138497652582158	0.000851305334846765	0.0005917548819777764	0.00029976019184652276	0.0002416626389560174	0.00023573785950023574	0.002376178807455261	0.0016042276115881854	0.0	0.0011125945705384957	0.005853994490358127	0.0011249744323992637	0.0006156687702016315	0.007090043553124682	0.0011851851851851852	0.0	0.008506461639129723	0.0	0.002876778008630334	0.0	0.008246398410332837	6.535947712418301e-05	0.005555555555555556	0.00013229263130043657
k__Bacteria;p__Firmicutes;c__Clostridia;o__;f__;g__	0.0001238390092879257	0.0	0.0	0.0	0.0	0.0	0.0	0.0	0.0	0.0	0.0	0.0	0.00015445208124179472	0.0	0.0009670460462694339	0.0	0.0	0.0	0.001206015891032917	0.0	0.0	0.0	0.0	7.425558773297691e-05	0.0	0.0	0.0	0.0	0.0	0.001308296136678467	0.0	0.0	0.0	0.0	0.0	0.0	0.0005210368633580826	0.0	0.0022875816993464053	0.00021367521367521368	0.0
k__Bacteria;p__Firmicutes;c__Clostridia;o__Clostridiales;f__;g__	0.06637770897832818	0.0	0.03879210220673636	0.003910614525139665	0.010911768643727403	0.009948748869460356	0.0	0.01046614604299171	0.0014089468122578373	0.0013174266266559322	0.0	0.007113001393268314	0.15800447911035603	0.0004038772213247173	0.01710927620322845	0.01500451263537906	0.001366120218579235	0.0011003521126760562	0.5219920544835414	0.0016437635610493785	0.001199040767386091	0.013533107781536971	0.0023573785950023575	0.006385980545036013	0.019816929319618763	0.0015608740894901144	0.0065643079661771245	0.00906795224977043	0.0019431376559623645	0.7577343389256582	0.009926060974374555	0.03279012345679013	0.0004886988393402566	0.0042532308195648615	0.029958346683755202	0.05002397315007191	0.22560896183404985	0.06458022851465477	0.19189542483660132	0.060897435897435875	0.004497949464214844
k__Bacteria;p__Firmicutes;c__Clostridia;o__Clostridiales;f__Clostridiaceae_1;g__Anaerosporobacter	0.0	0.0	0.0	0.002793296089385475	0.0	0.0	0.0	0.0005635617100072458	0.0	0.0	0.004581358609794629	0.0	0.0	0.005250403877221325	0.0002975526296213643	0.0	0.0	0.0	0.0	0.0005260043395358012	0.0	0.0	0.0	0.0	0.0	0.0	0.0	0.0	0.0	0.0	0.0	0.0	0.0	0.0	0.0	0.0	0.0	0.0	0.0	0.0	0.00026458526260087314
k__Bacteria;p__Firmicutes;c__Clostridia;o__Clostridiales;f__Clostridiaceae_1;g__Clostridium_sensu_stricto	0.0	0.0	0.0	0.00013966480446927373	6.694336591243807e-05	0.0	0.0	0.0	0.00023482446870963955	0.0008050940496230697	0.002527646129541864	7.332991127080736e-05	0.0	0.00010096930533117933	0.0	0.009476534296028882	0.0	0.0	0.0	0.0	0.0	0.0	0.00023573785950023574	0.0003712779386648846	0.0028309899028026797	0.0004162330905306972	0.0	0.000573921028466483	0.00010227040294538761	0.0	0.0	0.0007901234567901235	0.0	0.00768853263536725	0.0	0.0	0.0	0.0005961251862891207	0.0	0.00042735042735042735	0.003042730519910041
k__Bacteria;p__Firmicutes;c__Clostridia;o__Clostridiales;f__Clostridiaceae_1;g__Sarcina	0.0	0.0	0.0	0.0	0.0	0.0	0.0	0.0	0.0	0.0	0.0	0.0	0.0	0.0	0.0	0.0	0.0	0.0	0.0	0.0	0.0	0.0	0.0	0.0	0.0	0.0	0.0	0.0	0.0	0.0	0.0	0.0	0.0	0.000981514804514968	0.0	0.0	0.0	0.0	0.0	0.0	0.0
k__Bacteria;p__Firmicutes;c__Clostridia;o__Clostridiales;f__Clostridiales_Incertae_Sedis_XI;g__	0.0009907120743034056	0.0	0.0	0.0	0.0	0.0	0.0	0.0	0.0	0.0	0.0	7.332991127080736e-05	0.0005405822843462816	0.0	0.0	0.0	0.0	0.0	0.0038308740068104426	6.575054244197515e-05	0.0	6.041565973900435e-05	0.0	7.425558773297691e-05	0.0	0.0	0.0	0.0	0.0	0.0055410189318146836	0.0	0.0	0.0	0.0	0.0	0.0	0.00013025921583952066	0.0011922503725782414	0.013464052287581702	0.00021367521367521368	0.0
k__Bacteria;p__Firmicutes;c__Clostridia;o__Clostridiales;f__Clostridiales_Incertae_Sedis_XI;g__Anaerococcus	0.01894736842105263	0.003424657534246575	0.0	0.0	0.0	7.536930961712391e-05	0.0	0.0	0.0	0.0	0.0	0.00014665982254161473	0.0004633562437253842	0.0	0.0	0.0	0.0	0.0016138497652582158	0.040507945516458574	0.003221776579656782	0.0037470023980815345	0.03262445625906235	0.0	0.06423108338902501	9.436633009342267e-05	0.0	0.0014463729417000441	0.0006887052341597796	0.00020454080589077522	0.010158534708326923	0.014483946115668994	0.0002962962962962963	0.0	0.0	0.12351810317206025	0.022374940067124826	0.019669141591767615	0.03537009438648783	0.02660130718954248	0.038675213675213684	0.0003968778939013097
k__Bacteria;p__Firmicutes;c__Clostridia;o__Clostridiales;f__Clostridiales_Incertae_Sedis_XI;g__Finegoldia	0.017213622291021673	0.005136986301369863	0.0	0.0	0.0	0.0	7.390436774813391e-05	0.0	0.0	0.0	0.0	0.00014665982254161473	0.17383581743763993	0.0	0.0	0.0	0.0	0.0019806338028169014	0.002695800227014756	0.005588796107567887	0.0020983213429256594	0.052380376993716775	0.0	0.12578896561966288	0.000283098990280268	0.0	0.0003337783711615487	0.0002295684113865932	0.00020454080589077522	0.012005541018931814	0.028967892231337992	0.00019753086419753085	0.0	0.0	0.06536366549182955	0.019657983058973948	0.013677217663149669	0.005563835072031793	0.003071895424836601	0.005555555555555557	0.003307315782510914
k__Bacteria;p__Firmicutes;c__Clostridia;o__Clostridiales;f__Clostridiales_Incertae_Sedis_XI;g__Gallicola	0.0	0.0	0.0	0.0	0.0	0.0	0.0	0.0	0.0	0.0	0.0	0.0	0.0	0.0	0.0	0.0	0.0	0.0004401408450704225	0.003972758229284903	0.0	0.0	0.0	0.0	0.0	0.0	0.0	0.0004450378282153983	0.0002295684113865932	0.0	0.00023087578882561183	0.0	0.0	0.0	0.0	0.0	0.0	0.0002605184316790413	0.0073522106308991555	0.002287581699346405	0.006623931623931625	0.0011906336817039292
k__Bacteria;p__Firmicutes;c__Clostridia;o__Clostridiales;f__Clostridiales_Incertae_Sedis_XI;g__Parvimonas	0.0	0.0	0.0	0.0	0.0	0.0	0.0	0.0	0.0	0.0	0.0	0.0	0.0	0.0	0.0	0.0	0.0	0.0	0.0	0.0	0.0	0.0	0.0	0.0	0.0	0.0	0.0	0.0	0.0	0.0	0.0	0.0	0.0	0.0	0.0	0.0	0.0	0.0	0.002418300653594771	0.0	0.0
k__Bacteria;p__Firmicutes;c__Clostridia;o__Clostridiales;f__Clostridiales_Incertae_Sedis_XI;g__Peptoniphilus	0.04520123839009286	0.0017123287671232876	0.0	0.0	0.0	0.0	0.0	0.0	0.0	0.0	0.0	0.0004399794676248442	0.18209900378407595	0.00020193861066235866	0.0	0.0	0.0	0.003374413145539906	0.057463110102156656	0.006180550989545664	0.002398081534772182	0.0305703238279362	0.0	0.05361253434320931	0.00018873266018684534	0.0	0.004450378282153982	0.0004591368227731864	0.00020454080589077522	0.07534246575342464	0.018332826901650966	9.876543209876543e-05	0.0002443494196701283	0.0	0.09836590836270427	0.021096372063289112	0.028917545916373584	0.035866865375062104	0.04542483660130717	0.029914529914529912	0.010715703135335361
k__Bacteria;p__Firmicutes;c__Clostridia;o__Clostridiales;f__Clostridiales_Incertae_Sedis_XIII;g__	0.0	0.0	0.0	0.0	0.0	0.0	0.0	0.0	0.0	0.0	0.0	0.00014665982254161473	0.0	0.0	0.0008926578888640928	0.0	0.0004553734061930783	0.0	0.0	0.0	0.0	0.0	0.0	0.0	9.436633009342267e-05	0.0	0.00022251891410769915	0.0	0.0	0.0	0.00010128633647320976	0.000691358024691358	0.002565668906536347	0.0	0.0	0.0	0.00013025921583952066	0.0	0.0	0.0	0.0
k__Bacteria;p__Firmicutes;c__Clostridia;o__Clostridiales;f__Clostridiales_Incertae_Sedis_XIII;g__Anaerovorax	0.0	0.0	0.00023228803716608595	0.00013966480446927373	6.694336591243807e-05	0.00015073861923424781	0.0	0.0	0.0	0.0	0.0	7.332991127080736e-05	0.0	0.0	0.0002975526296213643	0.0002256317689530686	0.0	0.0	0.0	0.0	0.0	0.0	0.0	0.0	9.436633009342267e-05	0.0	0.0	0.0	0.0	0.0	0.0	0.00019753086419753085	0.0	0.0	0.0	0.0	0.0	0.0	0.0	0.00021367521367521368	0.0
k__Bacteria;p__Firmicutes;c__Clostridia;o__Clostridiales;f__Clostridiales_Incertae_Sedis_XIII;g__Mogibacterium	0.0006191950464396285	0.0	0.0	0.0	0.0	0.0	0.0	0.0	0.0	0.0	0.0	0.0	0.0010039385280716656	0.0	0.0	0.0	0.0	0.0	0.00170261066969353	0.0	0.0	0.0	0.0	0.0018563896933244226	0.0	0.0	0.00011125945705384957	0.0001147842056932966	0.0	0.0006926273664768356	0.0015192950470981463	0.0	0.0	0.0	0.00256328099967959	0.005913377017740131	0.0011723329425556857	0.0027819175360158967	0.0005882352941176471	0.0014957264957264958	0.0010583410504034925
k__Bacteria;p__Firmicutes;c__Clostridia;o__Clostridiales;f__Eubacteriaceae;g__	0.0	0.0	0.0	0.0	0.0	0.0	0.0	0.0	0.0	0.0	0.0	0.0	0.0	0.0	0.0	0.0	0.0	0.0	0.0	0.0	0.0	0.0	0.0	0.0	0.0	0.0	0.0	0.0	0.0	0.0	0.0	0.0	0.0	0.0	0.0	0.0	0.0	0.0	0.00065359477124183	0.0	0.0
k__Bacteria;p__Firmicutes;c__Clostridia;o__Clostridiales;f__Eubacteriaceae;g__Eubacterium	0.0006191950464396285	0.0	0.0005807200929152149	0.00027932960893854746	6.694336591243807e-05	7.536930961712391e-05	0.00022171310324440175	8.050881571532083e-05	0.0	0.0019029495718363464	0.0	0.00029331964508322946	0.0060236311684299946	0.00010096930533117933	0.00037194078702670533	0.0001128158844765343	0.0	0.00022007042253521127	0.006952326901248581	0.0012492603063975279	0.00029976019184652276	0.0001208313194780087	0.0	0.01462835078339645	0.000566197980560536	0.0	0.0004450378282153983	0.000573921028466483	0.00010227040294538761	0.010697244882253348	0.00030385900941962927	0.0	0.0	0.0	0.0019224607497596924	0.011027649033082947	0.01393773609482871	0.004470938897168405	0.004901960784313725	0.002777777777777778	0.0017198042069056754
k__Bacteria;p__Firmicutes;c__Clostridia;o__Clostridiales;f__Incertae_Sedis_XI;g__Murdochiella	0.0018575851393188853	0.0	0.0	0.0	0.0	0.0	0.0	0.0	0.0	0.0	0.0	0.0002199897338124221	0.00030890416248358944	0.0	0.0	0.0	0.0	0.00029342723004694836	0.07243189557321227	0.0003287527122098758	0.00014988009592326138	0.009847752537457708	0.0	0.017821341055914458	0.0	0.0	0.0013351134846461949	0.0016069788797061523	0.0	0.0027705094659073418	0.0	0.0	0.0	0.0	0.02050624799743672	0.0	0.0013025921583952064	0.006458022851465474	0.0017647058823529412	0.005128205128205128	0.0
k__Bacteria;p__Firmicutes;c__Clostridia;o__Clostridiales;f__Lachnospiraceae;g__	0.0002476780185758514	0.012414383561643835	0.05029036004645764	0.020670391061452506	0.03166421207658322	0.030072354537232428	0.02682728549257261	0.010707672490137675	0.020077492074674182	0.022981775598331255	0.03238546603475514	0.029551954242135366	0.010966097768167418	0.04089256865912763	0.032656401100944726	0.028091155234657054	0.00546448087431694	0.01012323943661972	0.0004256526674233825	0.029850746268656723	0.00869304556354916	0.0016916384726921223	0.034889203206034884	0.005420657904507313	0.012550721902425217	0.003746097814776275	0.018469069870939034	0.024104683195592284	0.016976886888934336	0.00023087578882561183	0.0019244403929909852	0.015209876543209875	0.03909590714722053	0.01701292327825945	0.00016020506247997436	0.0035160620105481864	0.0016933698059137686	0.04133134624937907	0.0034640522875816994	0.035470085470085476	0.008599021034528375
k__Bacteria;p__Firmicutes;c__Clostridia;o__Clostridiales;f__Lachnospiraceae;g__Anaerostipes	0.0	0.018407534246575347	0.09442508710801391	0.008938547486033519	0.04344624447717232	0.06376243593608683	0.06680954844431308	0.002093229208598341	0.0063402606551602675	0.018151211300592836	0.026066350710900476	0.015765930923223582	0.0008494864468298711	0.0273626817447496	0.0166629472587964	0.00868682310469314	0.001366120218579235	0.0110768779342723	0.0005675368898978433	0.015517128016306135	0.0028477218225419665	0.0005437409376510392	0.019801980198019802	0.0033415014479839613	0.0013211286213079174	0.004786680541103017	0.010569648420115709	0.007920110192837464	0.008386173041521785	0.0	0.0006077180188392586	0.0021728395061728395	0.0020769700671960903	0.026828071323409138	0.0	0.00159821000479463	0.0	0.012617983109786391	0.00013071895424836603	0.01132478632478632	0.008202143140627068
k__Bacteria;p__Firmicutes;c__Clostridia;o__Clostridiales;f__Lachnospiraceae;g__Blautia	0.0	0.08433219178082195	0.21045296167247368	0.10963687150837999	0.39202035078323705	0.26763641845040703	0.19385115660335528	0.028258594316077627	0.07772689914289072	0.23713679279806754	0.20126382306477109	0.14643983280780243	0.06131747625299251	0.23485460420032342	0.1832924198467606	0.03170126353790614	0.015482695810564663	0.01672535211267605	0.0029795686719636776	0.07968965743967381	0.013339328537170268	0.005074915418076365	0.06388495992456385	0.009281948466622118	0.03066905728036238	0.013527575442247657	0.027592345349354695	0.06485307621671259	0.061669052976068686	7.695859627520394e-05	0.0027347310847766633	0.02133333333333335	0.0036652412950519244	0.11303778831997387	0.0004806151874399231	0.012785680038357039	0.00208414745343233	0.04520615996025833	0.0	0.040598290598290586	0.012700092604841909
k__Bacteria;p__Firmicutes;c__Clostridia;o__Clostridiales;f__Lachnospiraceae;g__Clostridium_XlVa	0.0006191950464396285	0.019263698630136987	0.006387921022067365	0.004888268156424579	0.005824072834382113	0.004220681338558939	0.011159559529968218	0.008453425650108686	0.00516613831161207	0.0012442362585083806	0.009636650868878358	0.0038864852973527902	0.022163873658197542	0.006260096930533118	0.0009670460462694339	0.00315884476534296	0.008652094717668488	0.0026408450704225356	0.00021282633371169125	0.015451377473864157	0.00434652278177458	0.007310294828419524	0.013672795851013674	0.005494913492240291	0.008681702368594887	0.001040582726326743	0.014908767245215846	0.050045913682277315	0.014931478830026589	0.0010004617515776513	0.01195178770383875	0.01145679012345679	0.01209529627367135	0.009978733845902175	0.0	0.008949976026849927	0.001823629021753289	0.007848981619473422	0.0	0.007264957264957266	0.0006614631565021829
k__Bacteria;p__Firmicutes;c__Clostridia;o__Clostridiales;f__Lachnospiraceae;g__Clostridium_XlVb	0.0	0.0	0.0010452961672473868	0.0016759776536312849	0.0020083009773731422	0.0	0.0012563742517182766	0.0	0.0	0.004830564297738418	0.0	0.00278653662829068	0.0	0.0005048465266558966	0.0006694934166480697	0.00078971119133574	0.0	0.0	0.00014188422247446084	0.00039450325465185086	0.002398081534772182	0.0001208313194780087	0.0	0.0011138338159946536	0.00018873266018684534	0.0002081165452653486	0.0003337783711615487	0.003443526170798898	0.004908979341378605	0.0	0.00020257267294641952	0.001382716049382716	0.006108735491753207	0.0017994438082774415	0.0	0.0076714080230142236	0.0	0.00029806259314456036	6.535947712418301e-05	0.00021367521367521368	0.0
k__Bacteria;p__Firmicutes;c__Clostridia;o__Clostridiales;f__Lachnospiraceae;g__Coprococcus	0.0	0.004280821917808219	0.028687572590011617	0.01243016759776536	0.002476904538760209	0.015299969852276154	0.024536250092380456	0.008936478544400613	0.006692497358224728	0.021078826026494916	0.0	0.015399281366869546	0.012819522743068964	0.007774636510500808	0.016365394629175037	0.009589350180505414	0.0004553734061930783	0.0019806338028169014	7.094211123723042e-05	0.0057202971924518375	0.0019484412470023981	0.002295795070082165	0.011786892975011789	0.0037870349743818225	0.00566197980560536	0.002809573361082206	0.003560302625723187	0.0018365472910927456	0.0030681120883616284	7.695859627520394e-05	0.001620581383571356	0.0061234567901234565	0.0006108735491753207	0.02813675772942909	0.0	0.0019178520057535559	0.0016933698059137684	0.011525086934923	0.00026143790849673205	0.008547008547008548	0.0038364863077126605
k__Bacteria;p__Firmicutes;c__Clostridia;o__Clostridiales;f__Lachnospiraceae;g__Dorea	0.0002476780185758514	0.020119863013698627	0.005691056910569107	0.017597765363128487	0.012183692596063729	0.01778715706964124	0.044638238119872886	0.0048305289429192485	0.012797933544675358	0.02071287418575715	0.010110584518167456	0.021485664002346555	0.011197775890030116	0.021001615508885296	0.02172134196235959	0.005415162454873646	0.0027322404371584704	0.0031543427230046944	0.0005675368898978433	0.0033532776645407323	0.00434652278177458	0.0019333011116481392	0.006364922206506365	0.008762159352491274	0.007454940077380391	0.0018730489073881373	0.006119270137961727	0.0021808999081726357	0.005011249744323993	0.0	0.0007090043553124683	0.014320987654320987	0.0039095907147220525	0.028136757729429092	0.0	0.00479463001438389	0.00013025921583952066	0.010432190760059613	6.535947712418301e-05	0.0070512820512820505	0.004497949464214844
k__Bacteria;p__Firmicutes;c__Clostridia;o__Clostridiales;f__Lachnospiraceae;g__Hespellia	0.0	0.0	0.00011614401858304297	0.00013966480446927373	0.0	0.0	0.0	0.0	0.0	0.0004391422088853107	0.0	0.0003666495563540368	0.0	0.0	0.0	0.0002256317689530686	0.0	0.00029342723004694836	0.0	0.0	0.0	0.0	0.00023573785950023574	0.0	0.0	0.0	0.00011125945705384957	0.0	0.0005113520147269381	0.0	0.0	0.0	0.00036652412950519245	0.0003271716015049894	0.0	0.0	0.0	0.0001987083954297069	0.0	0.00042735042735042735	0.00013229263130043657
k__Bacteria;p__Firmicutes;c__Clostridia;o__Clostridiales;f__Lachnospiraceae;g__Howardella	0.0	0.0	0.0	0.0	0.0	0.0	0.0	0.0	0.0	0.0	0.0	0.0	0.0023940072592478186	0.0	0.0	0.0	0.0	0.0	0.0	0.0	0.0	0.0	0.0	0.0	0.0	0.0	0.0	0.0	0.0	0.00015391719255040788	0.0	0.0014814814814814814	0.0	0.0	0.0	0.0	0.0	0.0	0.00013071895424836603	0.0	0.0
k__Bacteria;p__Firmicutes;c__Clostridia;o__Clostridiales;f__Lachnospiraceae;g__Lachnospiracea_incertae_sedis	0.0	0.015839041095890412	0.036353077816492455	0.011452513966480445	0.04083545320658723	0.06052155562255049	0.06961791441874216	0.012156831173013445	0.0028178936245156746	0.017785259459855082	0.033491311216429696	0.0269120774363863	0.013051200864931651	0.03231017770597739	0.033400282674998144	0.008461191335740071	0.005009107468123862	0.0038145539906103286	0.0006384790011350738	0.01551712801630613	0.0058453237410071935	0.0036853552440792654	0.026874115983026872	0.004678102027177545	0.027460602057186	0.002705515088449532	0.006564307966177124	0.01618457300275482	0.00940887707097566	0.00015391719255040788	0.001215436037678517	0.008098765432098766	0.0014660965180207698	0.023719941109111728	0.00048061518743992306	0.002397315007191945	0.0005210368633580826	0.011525086934922997	6.535947712418301e-05	0.008760683760683763	0.0029104378886096044
k__Bacteria;p__Firmicutes;c__Clostridia;o__Clostridiales;f__Lachnospiraceae;g__Moryella	0.0026006191950464397	0.0	0.0	0.0	0.0	0.0	0.0	0.0	0.0	0.0	0.0	0.0	0.0	0.0	0.0	0.0	0.0	7.335680751173709e-05	0.0	0.0	0.0	0.0	0.0	0.0	0.0	0.0	0.00022251891410769915	0.0	0.0	0.00023087578882561183	0.0	0.0	0.0	0.0	0.0	0.0	0.0	0.0	0.008169934640522876	0.0	0.0
k__Bacteria;p__Firmicutes;c__Clostridia;o__Clostridiales;f__Lachnospiraceae;g__Roseburia	0.0001238390092879257	0.026113013698630137	0.05319396051103369	0.1326815642458101	0.06091846298031866	0.038438347904733175	0.01758923952405587	0.043072216407696665	0.07173887519079489	0.0532825880114177	0.07472353870458136	0.010192857666642225	0.007182021777743456	0.08774232633279483	0.007364427583128767	0.018050541516245487	0.003187613843351548	0.03667840375586854	0.00021282633371169125	0.027417976198303634	0.010191846522781774	0.004531174480425326	0.17774634606317768	0.0028959679215860993	0.0006605643106539587	0.004474505723204994	0.03259902091677793	0.04120752984389349	0.0107383923092657	0.0	0.0032411627671427128	0.034567901234567926	0.0020769700671960903	0.02126615409782431	0.0003204101249599487	0.00319642000958926	0.0023446658851113715	0.09349230004967712	6.535947712418301e-05	0.07521367521367521	0.01587511575605239
k__Bacteria;p__Firmicutes;c__Clostridia;o__Clostridiales;f__Lachnospiraceae;g__Ruminococcus2	0.0001238390092879257	0.014126712328767123	0.03519163763066203	0.00907821229050279	0.003414111661534342	0.013038890563762437	0.044268716281132235	0.008050881571532083	0.01080192556064342	0.039742369904120625	0.021169036334913113	0.02397888098555401	0.029036991273457404	0.01231825525040388	0.042178085248828386	0.012861010830324909	0.004553734061930784	0.00176056338028169	0.0009931895573212259	0.006575054244197515	0.008543165467625898	0.0019333011116481394	0.004714757190004715	0.003638523798915869	0.0034915542134566387	0.003746097814776275	0.003560302625723186	0.011478420569329661	0.008386173041521785	0.00046175157765122367	0.0022282994024106144	0.007111111111111111	0.002687843616371411	0.02584655651889417	0.0	0.005433914016301742	0.0023446658851113715	0.009538002980625931	0.0	0.007264957264957266	0.009392776822330995
k__Bacteria;p__Firmicutes;c__Clostridia;o__Clostridiales;f__Lachnospiraceae;g__Syntrophococcus	0.0011145510835913314	0.0	0.0	0.0	0.0	0.0	0.0	0.0	0.0	0.0	0.0	0.0	0.0	0.0	0.0	0.0	0.0	0.0	0.0	0.0	0.0	0.0	0.0	0.0	0.0	0.0	0.0	0.0	0.0	0.0	0.0	0.0	0.0	0.0	0.0	0.0	0.0	0.0	0.0029411764705882353	0.0	0.0
k__Bacteria;p__Firmicutes;c__Clostridia;o__Clostridiales;f__Peptococcaceae_1;g__Peptococcus	0.004458204334365326	0.0	0.0	0.0	0.0	0.0	0.0	0.0011271234200144916	0.0	0.0	0.0	0.00014665982254161473	7.722604062089736e-05	0.0	0.0	0.0	0.0	0.0	0.0016316685584562996	0.0	0.0	0.0008458192363460609	0.0	0.0007425558773297692	0.0	0.0	0.00022251891410769915	0.0	0.0	0.0005387101739264276	0.0	0.0009876543209876543	0.0	0.0	0.0009612303748798462	0.003356241010068723	0.00013025921583952066	0.0016890213611525087	0.0026797385620915036	0.002564102564102564	0.00013229263130043657
k__Bacteria;p__Firmicutes;c__Clostridia;o__Clostridiales;f__Peptostreptococcaceae;g__Clostridium_XI	0.0	0.0021404109589041095	0.0010452961672473868	0.0008379888268156424	0.0019413576114607044	0.007160084413626771	0.0019954179291996155	0.0008050881571532083	0.001526359046612657	0.007758179023640489	0.011216429699842023	0.00139326831414534	0.007645378021468838	0.0046445880452342485	0.002008480249944209	0.0029332129963898917	0.0	0.0007335680751173709	0.00028376844494892167	0.001380761391281478	0.0	6.041565973900435e-05	0.001885902876001886	0.0017821341055914456	0.008304237048221195	0.0001040582726326743	0.00022251891410769915	0.0067722681359045	0.0	0.0	0.00040514534589283904	0.0035555555555555557	0.0	0.004416816620317356	0.0008010253123998718	0.000159821000479463	0.0006512960791976032	0.007153502235469449	0.0	0.004700854700854701	0.002645852626008731
k__Bacteria;p__Firmicutes;c__Clostridia;o__Clostridiales;f__Peptostreptococcaceae;g__Peptostreptococcus	0.028111455108359135	0.0	0.0	0.0	0.0	0.0	0.0	0.0	0.0	0.0	0.0	7.332991127080736e-05	0.0	0.0	0.0	0.0	0.0	0.0014671361502347417	0.0	0.0	0.0	0.014560173997100048	0.0	0.0	0.0	0.0	0.0	0.0	0.00010227040294538761	0.0	0.0	9.876543209876543e-05	0.0	0.0	0.0	0.0	0.0015631105900742479	0.0	0.0035294117647058825	0.0	0.0
k__Bacteria;p__Firmicutes;c__Clostridia;o__Clostridiales;f__Ruminococcaceae;g__	0.0	0.004280821917808219	0.06144018583042975	0.008519553072625696	0.018878029187307535	0.033162496231534506	0.02224521469218831	0.009500040254407859	0.003522367030644593	0.04384103052038352	0.0071090047393364926	0.03475837794236265	0.07228357402115994	0.01070274636510501	0.2314959458454215	0.032942238267148025	0.13752276867030966	0.0037411971830985913	0.00340522133938706	0.004471036886054309	0.011241007194244606	0.01002899951667472	0.008486562942008488	0.01945496398603995	0.07643672737567238	0.007908428720083245	0.008121940364931019	0.04545454545454546	0.005727142564941706	0.00030783438510081576	0.015901954826293932	0.09125925925925929	0.010751374465485644	0.020448225094061835	0.0016020506247997437	0.015182995045548986	0.0020841474534323305	0.041430700447093904	0.0012418300653594776	0.04209401709401709	0.010186532610133615
k__Bacteria;p__Firmicutes;c__Clostridia;o__Clostridiales;f__Ruminococcaceae;g__Acetanaerobacterium	0.0	0.0	0.0	0.0	0.0006694336591243808	0.0	0.0	0.0	0.0	0.000658713313327966	0.0	0.0	0.0016217468530388447	0.0	0.0	0.0001128158844765343	0.0	0.0	0.0	0.0	0.0022482014388489208	0.0	0.0	0.0019306452810573995	0.0018873266018684532	0.0	0.0	0.0013774104683195593	0.0	0.0	0.0	0.002074074074074074	0.0	0.0001635858007524947	0.0	0.0	0.0007815552950371239	0.0	0.0	0.0	0.0
k__Bacteria;p__Firmicutes;c__Clostridia;o__Clostridiales;f__Ruminococcaceae;g__Acetivibrio	0.0	0.0	0.0	0.0	0.0	0.0	0.0	0.0	0.0	0.0	0.0	0.0	0.0	0.0	0.0009670460462694339	0.0	0.0	0.0	0.0	0.0	0.0	0.0	0.0	0.0	0.0	0.0	0.0	0.0	0.0	0.0	0.0	0.0	0.0	0.0	0.0	0.0	0.0	0.0	0.0	0.0	0.0
k__Bacteria;p__Firmicutes;c__Clostridia;o__Clostridiales;f__Ruminococcaceae;g__Anaerofilum	0.0	0.0	0.0	0.0	0.0	0.0	0.0	0.0	0.0	0.00029276147259020715	0.0	0.0	0.0	0.0	0.0	0.0	0.0	0.0	0.0	0.0	0.0	0.0	0.0	0.0	0.0	0.0	0.0	0.0	0.0	0.0	0.0	9.876543209876543e-05	0.0	0.0	0.0	0.0	0.0	0.0	0.0	0.0	0.0003968778939013097
k__Bacteria;p__Firmicutes;c__Clostridia;o__Clostridiales;f__Ruminococcaceae;g__Anaerotruncus	0.0	0.0	0.0	0.0	0.00033471682956219036	7.536930961712391e-05	0.0	0.0	0.0	0.0003659518407377589	0.0	0.0	0.0	0.00010096930533117933	7.438815740534107e-05	0.0	0.0	0.0	0.0	0.0	0.0	6.041565973900435e-05	0.0	0.00014851117546595382	0.0	0.0	0.0	0.001147842056932966	0.0	0.0	0.0	0.0	0.0	0.0	0.0	0.000159821000479463	0.0	9.935419771485345e-05	0.0	0.0	0.00013229263130043657
k__Bacteria;p__Firmicutes;c__Clostridia;o__Clostridiales;f__Ruminococcaceae;g__Butyricicoccus	0.0	0.0025684931506849314	0.0008130081300813008	0.00013966480446927373	0.0006024902932119427	0.0014320168827253543	0.003325696548666026	8.050881571532083e-05	0.0005870611717740989	0.0003659518407377589	0.0014218009478672985	0.0012466084916037251	0.0009267124874507684	0.0023222940226171247	0.0007438815740534108	0.0004512635379061372	0.0	0.00036678403755868543	0.0	0.0005260043395358012	0.001498800959232614	0.00018124697921701304	0.0016501650165016502	0.00022276676319893073	0.000283098990280268	0.0001040582726326743	0.0	0.0002295684113865932	0.00020454080589077522	7.695859627520394e-05	0.00010128633647320976	0.0009876543209876543	0.0002443494196701283	0.0029445444135449044	0.0003204101249599487	0.000958926002876778	0.00013025921583952066	0.0015896671634376552	0.0	0.0023504273504273508	0.00013229263130043657
k__Bacteria;p__Firmicutes;c__Clostridia;o__Clostridiales;f__Ruminococcaceae;g__Clostridium_III	0.0	0.0	0.0009291521486643438	0.00013966480446927373	0.0006694336591243808	0.0002261079288513717	0.0	0.0	0.0	0.0	0.0	0.0	0.0	0.0024232633279483036	0.0	0.0	0.0	0.0	0.0	0.00032875271220987574	0.0	0.0	0.0	0.0	0.0	0.0	0.0004450378282153983	0.0	0.0	0.0	0.0	0.0	0.0	0.0	0.0	0.0	0.0	0.0001987083954297069	0.0	0.0	0.0
k__Bacteria;p__Firmicutes;c__Clostridia;o__Clostridiales;f__Ruminococcaceae;g__Clostridium_IV	0.0	0.0004280821917808219	0.012775842044134726	0.0015363128491620113	0.03648413442227876	0.011531504371419957	0.003251792180917892	0.0010466146042991708	0.0012915345779030175	0.006806704237722316	0.0033175355450236967	0.01965241622057637	0.005096918680979225	0.0029281098546042003	0.057427657516923296	0.025496389891696752	0.0031876138433515485	0.0010269953051643193	0.0006384790011350738	0.001315010848839503	0.0020983213429256594	0.00030207829869502174	0.0037718057520037727	0.0033415014479839613	0.0012267622912144947	0.0001040582726326743	0.0005562972852692479	0.012626262626262628	0.0017385968500715893	0.0	0.0005064316823660488	0.03051851851851852	0.00012217470983506414	0.004089645018812367	0.00016020506247997436	0.0060731980182195935	0.0009118145108766445	0.0008941877794336811	0.0	0.0012820512820512823	0.007540679984124884
k__Bacteria;p__Firmicutes;c__Clostridia;o__Clostridiales;f__Ruminococcaceae;g__Faecalibacterium	0.0016099071207430341	0.05136986301369864	0.12485481997677109	0.2541899441340786	0.08977105368857952	0.1372475128127827	0.11181730840292668	0.02383060945173499	0.0535399788657978	0.03535094781526753	0.13396524486571873	0.16917210530175272	0.018765927870878062	0.08844911147011307	0.034069776091646194	0.11146209386281598	0.06785063752276867	0.1329958920187794	0.0026248581157775255	0.023144190939575253	0.04361510791366906	0.017218463025616235	0.2069778406412069	0.007648325536496619	0.019345097669151653	0.01290322580645161	0.08778371161548737	0.055211202938475645	0.041419513192881965	0.00015391719255040788	0.003950167122455181	0.04167901234567906	0.004153940134392181	0.3474562407982985	0.00048061518743992306	0.0019178520057535559	0.0065129607919760316	0.15091902632886242	0.00019607843137254904	0.17799145299145297	0.011641751554438418
k__Bacteria;p__Firmicutes;c__Clostridia;o__Clostridiales;f__Ruminococcaceae;g__Flavonifractor	0.0001238390092879257	0.0021404109589041095	0.0004645760743321719	0.0004189944134078212	0.0005355469272995046	0.0006783237865541151	0.0022910354001921514	8.050881571532083e-05	0.0	0.0018297592036887944	0.0017377567140600316	0.0002199897338124221	0.0	0.002524232633279483	0.0002975526296213643	0.0004512635379061372	0.002276867030965392	0.00029342723004694836	7.094211123723042e-05	0.0013150108488395032	0.0019484412470023981	0.0006645722571290479	0.0	0.0011138338159946536	0.000849296970840804	0.0	0.000778816199376947	0.004476584022038568	0.0010227040294538761	0.0	0.0	0.0010864197530864198	0.0014660965180207698	0.0	0.0	0.0035160620105481864	0.00013025921583952066	9.935419771485345e-05	0.0	0.000641025641025641	0.0
k__Bacteria;p__Firmicutes;c__Clostridia;o__Clostridiales;f__Ruminococcaceae;g__Gemmiger	0.0	0.012842465753424657	0.005691056910569105	0.0	0.03253447583344491	0.012285197467591198	0.0022171310324440173	0.005635617100072457	0.020312316543383818	0.010466222645099903	0.0066350710900473925	0.02221896311505463	0.004170206193528457	0.0047455573505654275	0.007066874953507403	0.0021435018050541513	0.0	7.335680751173709e-05	7.094211123723042e-05	0.0	0.0013489208633093524	0.0009062348960850652	0.010136727958510136	0.008465137001559367	0.005756346135698783	0.0018730489073881373	0.0041165999109924346	0.0	0.004090816117815505	0.0	0.0005064316823660488	0.017382716049382716	0.0004886988393402566	0.01832160968427941	0.00016020506247997436	0.005593735016781206	0.0	0.014406358668653751	0.0	0.012606837606837607	0.004101071570313533
k__Bacteria;p__Firmicutes;c__Clostridia;o__Clostridiales;f__Ruminococcaceae;g__Hydrogenoanaerobacterium	0.0	0.0	0.0	0.0	0.0	0.0	0.0	0.00016101763143064167	0.0	0.0	0.0	0.0	0.0	0.0	0.0	0.0	0.0	0.0	0.0	0.0	0.0	6.041565973900435e-05	0.0	0.0	0.0	0.0	0.0	0.0	0.0	0.0	0.0	0.001382716049382716	0.0	0.0	0.0	0.0	0.0	0.0	0.0	0.0	0.0
k__Bacteria;p__Firmicutes;c__Clostridia;o__Clostridiales;f__Ruminococcaceae;g__Oscillibacter	0.0	0.0017123287671232876	0.0013937282229965157	0.0019553072625698325	0.001004150488686571	0.00015073861923424781	7.390436774813391e-05	0.004508493680057967	0.00011741223435481978	0.004464612457000658	0.0	0.002639876805749065	0.0011583906093134604	0.00030290791599353796	0.001190210518485457	0.012748194945848376	0.0031876138433515485	0.0011737089201877935	0.0	0.001315010848839503	0.001948441247002398	0.0025374577090381827	0.0023573785950023575	0.017598574292715524	0.02689440407662546	0.0007284079084287201	0.002447708055184691	0.003443526170798898	0.003988545714870117	0.0	0.014483946115668996	0.0185679012345679	0.0015882712278558336	0.0034353018158023883	0.0	0.002237494006712482	0.002735443532629934	0.005861897665176354	0.00019607843137254904	0.004273504273504274	0.02659081889138775
k__Bacteria;p__Firmicutes;c__Clostridia;o__Clostridiales;f__Ruminococcaceae;g__Pseudoflavonifractor	0.0	0.0004280821917808219	0.0013937282229965157	0.0	0.0006024902932119427	0.0002261079288513717	0.0012563742517182766	0.00032203526286128333	0.0	0.002415282148869209	0.0	0.001613258047957762	0.0004633562437253842	0.0006058158319870759	0.0012645986758907982	0.0002256317689530686	0.0	0.00022007042253521127	7.094211123723042e-05	0.00032875271220987574	0.0017985611510791368	0.00030207829869502174	0.00023573785950023574	0.0023761788074552607	0.000849296970840804	0.0002081165452653486	0.00011125945705384957	0.0002295684113865932	0.0007158928206177132	0.0	0.0008102906917856781	0.0	0.0	0.0029445444135449044	0.0	0.001758031005274093	0.0005210368633580826	0.00029806259314456036	0.0	0.0010683760683760685	0.0003968778939013097
k__Bacteria;p__Firmicutes;c__Clostridia;o__Clostridiales;f__Ruminococcaceae;g__Ruminococcus	0.0	0.0	0.0042973286875725904	0.024720670391061454	0.0429106975498728	0.0	0.0	0.023911118267450286	0.0005870611717740989	0.0701163726853546	0.004581358609794629	0.028745325218156488	0.07753494478338095	0.0	0.048873019415309076	0.003497292418772563	0.01821493624772313	0.019732981220657277	0.0007094211123723042	0.00019725162732592546	0.0017985611510791368	0.005014499758337361	0.020273455917020275	0.001707878517858469	0.004529583844484288	0.0021852237252861606	0.024922118380062308	0.008149678604224058	0.0035794641030885664	0.0	0.0041527397954016	0.006222222222222223	0.00012217470983506414	0.03729756257156879	0.001762255687279718	0.000319642000958926	0.0020841474534323305	0.07650273224043716	0.0	0.07905982905982906	0.028442915729593864
k__Bacteria;p__Firmicutes;c__Clostridia;o__Clostridiales;f__Ruminococcaceae;g__Sporobacter	0.0	0.0	0.0005807200929152149	0.00013966480446927373	0.0003347168295621904	0.00015073861923424781	0.0	0.0007245793414378874	0.0	0.0008782844177706215	0.0	0.0009532888465204958	0.00038613020310448683	0.0	0.005430335490589898	0.004399819494584838	0.020036429872495445	7.335680751173709e-05	0.0	0.0	0.00029976019184652276	0.001027066215563074	0.00023573785950023574	0.0017078785178584687	0.008115504388034349	0.0009365244536940686	0.001891410769915443	0.0003443526170798898	0.00040908161178155044	0.0	0.0044565988048212305	0.004148148148148148	0.0	0.0024537870112874205	0.0	0.0	0.0	0.0003974167908594138	0.0	0.000641025641025641	0.0006614631565021829
k__Bacteria;p__Firmicutes;c__Clostridia;o__Clostridiales;f__Ruminococcaceae;g__Subdoligranulum	0.0004953560371517028	0.0008561643835616438	0.0017421602787456446	0.00013966480446927373	0.001807470879635828	0.0007536930961712391	0.0010346611484738748	0.00040254407857660417	0.0004696489374192791	0.004757373929590865	0.000315955766192733	0.00447312458751925	0.0006950343655880763	0.0011106623586429726	0.0016365394629175036	0.0009025270758122744	0.0009107468123861566	0.00029342723004694836	0.00014188422247446084	6.575054244197515e-05	0.00044964028776978414	0.0013895601739971	0.0016501650165016502	7.425558773297691e-05	0.004812682834764555	0.0	0.0005562972852692479	0.0009182736455463728	0.0003068112088361628	7.695859627520394e-05	0.0005064316823660489	0.0024691358024691358	0.0	0.004416816620317356	0.00016020506247997436	0.000479463001438389	0.0	0.0003974167908594138	0.0	0.0	0.0011906336817039292
k__Bacteria;p__Firmicutes;c__Erysipelotrichia;o__Erysipelotrichales;f__Erysipelotrichaceae;g__Turicibacter	0.0	0.0	0.0	0.0	0.0	0.0	0.0	8.050881571532083e-05	0.0	0.0	0.0	0.0	0.0	0.0	0.0005207171018373874	0.0	0.0	0.0	0.0	0.0	0.00014988009592326138	0.0	0.0	7.425558773297691e-05	0.0009436633009342267	0.0	0.00011125945705384957	0.0	0.0	0.0	0.0	9.876543209876543e-05	0.0	0.0001635858007524947	0.0	0.0	0.0010420737267161652	0.0	0.0	0.00042735042735042735	0.0
k__Bacteria;p__Firmicutes;c__Negativicutes;o__Selenomonadales;f__Acidaminococcaceae;g__	0.0	0.0	0.0	0.0	0.0	0.0	0.0	0.00032203526286128333	0.0	0.0	0.0	0.0008799589352496884	0.0	0.0	0.00014877631481068215	0.0	0.0	0.0	0.0	0.0	0.0004496402877697842	0.001027066215563074	0.0	0.0	0.0	0.0	0.0	0.0001147842056932966	0.0	0.0	0.0	0.0	0.00012217470983506414	0.0	0.0	0.0	0.0	0.0	0.0	0.0	0.0
k__Bacteria;p__Firmicutes;c__Negativicutes;o__Selenomonadales;f__Acidaminococcaceae;g__Acidaminococcus	0.0001238390092879257	0.0	0.0	0.0	0.0	0.0	0.0	0.06738587875372352	0.0	0.03776622996413672	0.0001579778830963665	0.022732272493950278	0.005946405127809097	0.009693053311793215	0.02157256564754891	0.0	0.013661202185792351	0.0	7.094211123723042e-05	6.575054244197515e-05	0.024430455635491607	0.02881826969550507	0.0011786892975011788	0.0	0.0	0.005202913631633715	0.00011125945705384957	0.01584022038567493	0.034362855389650226	0.0	0.0	0.0	0.017837507635919368	0.0	0.0	0.0	0.0	0.0	0.000718954248366013	0.0	0.0
k__Bacteria;p__Firmicutes;c__Negativicutes;o__Selenomonadales;f__Acidaminococcaceae;g__Phascolarctobacterium	0.0	0.023116438356164386	0.0	0.0	0.0	0.0	0.0	0.0013686498671604541	0.0	0.0	0.10347551342812006	0.0010999486690621105	0.00023167812186269208	0.0004038772213247173	0.0004463289444320464	0.0	0.0004553734061930783	0.01914612676056338	0.0007803632236095346	0.0	0.00029976019184652276	0.0	0.0	0.0	0.03472680947437955	0.0003121748178980229	0.020916777926123717	0.000573921028466483	0.0006136224176723256	0.00046175157765122367	0.0	0.0	0.00036652412950519245	0.0	0.0	0.0	0.005210368633580826	0.0	0.0	0.0	0.012567799973541474
k__Bacteria;p__Firmicutes;c__Negativicutes;o__Selenomonadales;f__Acidaminococcaceae;g__Succiniclasticum	0.002105263157894737	0.0	0.1148664343786295	0.0	0.019011915919132413	0.0	0.0	0.0	0.0	0.0	0.0	0.0	0.0	0.0	0.0	0.0	0.0	0.0	0.0	0.0	0.0	0.0	0.0	7.425558773297691e-05	0.0	0.0	0.0	0.0	0.0	0.0	0.0009115770282588879	0.0	0.0	0.0	0.00016020506247997436	0.0	0.0	0.015797317436661698	0.00045751633986928104	0.01688034188034188	0.0
k__Bacteria;p__Firmicutes;c__Negativicutes;o__Selenomonadales;f__Veillonellaceae;g__	0.0	0.0	0.0	0.0	0.0	0.0	0.0	0.0	0.0	0.0	0.0	0.0	0.0	0.0	0.0	0.0	0.0	7.335680751173709e-05	0.0	0.0	0.0	0.0	0.0	0.0	0.0	0.0	0.00011125945705384957	0.0	0.0	0.0	0.0	0.0	0.0	0.0	0.01393784043575777	0.0	0.00013025921583952066	0.0	0.001568627450980392	0.0	0.0
k__Bacteria;p__Firmicutes;c__Negativicutes;o__Selenomonadales;f__Veillonellaceae;g__Dialister	0.03640866873065015	0.0	0.004994192799070847	0.0462290502793296	0.0	0.02848959903527283	0.084990022910354	0.0	0.013384994716449456	0.0081973212325258	0.0	0.0004399794676248442	0.0007722604062089737	0.0	0.0	0.020194043321299638	0.0	0.002934272300469484	0.024049375709421113	0.007035308041291341	0.00044964028776978414	0.004108264862252296	0.020744931636020744	0.0375733273928863	0.001981692931961876	0.0	0.0017801513128615932	0.0013774104683195593	0.0	0.03186085885793443	0.0176238225463385	0.01718518518518519	0.0	0.021429739898576803	0.006888817686638898	0.020297267060891806	0.012765403152273024	0.0012916045702930949	0.048496732026143775	0.000641025641025641	0.0
k__Bacteria;p__Firmicutes;c__Negativicutes;o__Selenomonadales;f__Veillonellaceae;g__Megamonas	0.0	0.0	0.0	0.0	0.0	0.0	0.0	0.0	0.45837736292121634	0.0	0.0	0.0	0.0	0.0	0.0	0.0	0.0	0.0	0.0	0.0	0.0	0.0	0.0	0.006460236132768991	0.0	0.0011446409989594173	0.0	0.0	0.0	0.0	0.0	0.0	0.0	0.0	0.0	0.0	0.0	0.0	0.0	0.0	0.0
k__Bacteria;p__Firmicutes;c__Negativicutes;o__Selenomonadales;f__Veillonellaceae;g__Megasphaera	0.0	0.0916095890410959	0.0	0.0	0.0	0.0	0.14921291848348237	0.0	0.14289068920981568	0.0	0.0	0.00014665982254161473	0.022550003861302032	0.0	0.0	0.0	0.0	0.00014671361502347418	7.094211123723042e-05	0.0	0.0	0.0	0.0	0.0	0.0	0.0	0.00011125945705384957	0.0	0.0	0.0	0.00010128633647320976	0.0	0.0	0.0	0.0004806151874399231	0.002716957008150871	0.0002605184316790413	0.0	0.0	0.0	0.0
k__Bacteria;p__Firmicutes;c__Negativicutes;o__Selenomonadales;f__Veillonellaceae;g__Negativicoccus	0.0001238390092879257	0.0	0.0	0.0	0.0	0.0	0.0	0.0	0.0	0.0	0.0	0.0	0.0	0.0	0.0	0.0	0.0	0.0	0.0	0.0	0.0	0.0035041082648622525	0.0	0.004603846439444568	0.0	0.0	0.0	0.0	0.0	0.0	0.0010128633647320977	0.0	0.0	0.0	0.0028836911246395386	0.000319642000958926	0.0002605184316790413	0.0001987083954297069	0.0	0.0	0.0
k__Bacteria;p__Firmicutes;c__Negativicutes;o__Selenomonadales;f__Veillonellaceae;g__Veillonella	0.0	0.0004280821917808219	0.0004645760743321719	0.005027932960893855	0.0	7.536930961712391e-05	0.0006651393097332052	0.0	0.002817893624515674	0.0	0.002843601895734597	0.0	0.00015445208124179472	0.000605815831987076	0.0	0.0004512635379061372	0.0	0.0019072769953051643	0.0	0.0	0.0	0.0	0.0007072135785007072	0.00014851117546595382	0.0	0.0	0.00011125945705384957	0.0001147842056932966	0.0	0.0	0.00010128633647320976	0.0	0.0	0.0	0.0	0.0	0.0	0.0036761053154495777	0.00130718954248366	0.002136752136752137	0.0
k__Bacteria;p__Fusobacteria;c__Fusobacteriia;o__Fusobacteriales;f__Fusobacteriaceae;g__Cetobacterium	0.0	0.0	0.0	0.0	0.0	0.0	0.0	0.0	0.0	0.0	0.0	0.0	0.0	0.0	0.0	0.0	0.0	0.0	0.0	0.0	0.0	0.0	0.0	0.0	0.0	0.0	0.0	0.0	0.0	0.0	0.0	0.0	0.18081857055589493	0.0	0.0	0.0	0.0	0.0	0.0	0.0	0.0
k__Bacteria;p__Fusobacteria;c__Fusobacteriia;o__Fusobacteriales;f__Fusobacteriaceae;g__Fusobacterium	0.0	0.0	0.0	0.0	0.0	0.0	0.0	0.0	0.0	0.0	0.0	0.0	0.0	0.0	0.0	0.0	0.0	7.335680751173709e-05	0.0	0.0	0.0	0.0	0.0	0.0	0.0	0.0	0.00022251891410769915	0.0009182736455463728	0.0	0.0	0.02035855363111516	0.0	0.0	0.0	0.0	0.0	0.0	0.0	0.021045751633986927	0.0	0.003042730519910041
k__Bacteria;p__Fusobacteria;c__Fusobacteriia;o__Fusobacteriales;f__Leptotrichiaceae;g__Sneathia	0.0	0.0	0.0	0.0	0.0	0.0	0.0	0.0	0.0	0.0	0.0	0.0	0.0	0.0	0.0	0.0	0.0004553734061930783	0.0	0.0	0.0	0.0	0.0	0.0	0.0	0.0	0.0	0.0	0.0	0.00010227040294538761	0.0	0.0	9.876543209876543e-05	0.0	0.0	0.0	0.0	0.0	0.0	0.0058823529411764705	0.0	0.0
k__Bacteria;p__Proteobacteria;c__;o__;f__;g__	0.0	0.0	0.0	0.0	0.0	0.0	0.0	0.0	0.0	0.0	0.0	0.0	0.0	0.0	0.0	0.0	0.0	0.0	0.0	0.0	0.0	0.0	0.0	0.0	0.0	0.0	0.0	0.0	0.0	0.0	0.0	0.0	0.0	0.0	0.0003204101249599487	0.0	0.0	0.0	0.0016993464052287581	0.0	0.0
k__Bacteria;p__Proteobacteria;c__Alphaproteobacteria;o__;f__;g__	0.0	0.0	0.0	0.0	6.694336591243807e-05	0.0	0.0	0.0	0.0	0.0	0.0	0.0	0.0006178083249671789	0.0	0.0	0.0016922382671480144	0.0	0.0	0.0	0.0	0.0	0.0	0.0	0.0	0.0	0.0	0.0	0.0	0.0	0.0	0.0	0.0	0.0	0.0	0.0	0.0	0.0	0.0	0.0	0.0	0.0
k__Bacteria;p__Proteobacteria;c__Alphaproteobacteria;o__Rhodospirillales;f__Rhodospirillaceae;g__	0.0	0.0	0.0	0.0	0.00013388673182487614	0.0	0.0	0.0	0.0	0.0	0.0	0.0	0.0010039385280716658	0.0	0.0	0.0016922382671480144	0.0	0.0	0.0	0.0	0.0	0.0	0.0	0.0	0.0	0.0	0.0	0.0	0.0	0.0	0.0	0.0	0.0	0.0	0.0	0.0	0.0	0.0	0.0	0.0	0.0
k__Bacteria;p__Proteobacteria;c__Betaproteobacteria;o__Burkholderiales;f__;g__	0.0	0.0	0.0	0.0	0.0	0.0	0.0	0.0	0.0	0.0	0.0	0.0	0.0	0.0	0.0	0.0	0.0	0.0	0.0	0.0	0.0	0.002899951667472209	0.0	0.0	0.0	0.0	0.0	0.0	0.0	0.0	0.0	0.0	0.0068417837507635925	0.0	0.0	0.0	0.0	0.0	0.0	0.0	0.0
k__Bacteria;p__Proteobacteria;c__Betaproteobacteria;o__Burkholderiales;f__Sutterellaceae;g__	0.0	0.0	0.0	0.0	0.0	0.0	0.0	0.0	0.0	0.0	0.0	0.0	0.0	0.0	0.0	0.0	0.0	0.0	0.0	0.0	0.0	0.0	0.0	0.0	0.0	0.0	0.0	0.0	0.0	0.0	0.0	0.0	0.0	0.0	0.0	0.0	0.0	0.005563835072031793	0.0	0.0	0.0
k__Bacteria;p__Proteobacteria;c__Betaproteobacteria;o__Burkholderiales;f__Sutterellaceae;g__Parasutterella	0.0001238390092879257	0.025684931506849314	0.0008130081300813008	0.00027932960893854746	0.0019413576114607042	0.0007536930961712391	0.0	0.0007245793414378874	0.0043442526711283316	0.0	0.000315955766192733	0.00014665982254161473	7.722604062089736e-05	0.00010096930533117933	0.0002975526296213643	0.0006768953068592059	0.0	0.01283744131455399	0.0	0.019264908935498717	0.01768585131894484	0.0	0.007072135785007073	0.000742555877329769	0.0009436633009342266	0.0	0.0055629728526924785	0.01595500459136823	0.02382900388627531	0.0	0.00040514534589283904	0.000691358024691358	0.0	0.0	0.0	0.03675883011027649	0.004949850201901785	0.006954793840039742	0.00013071895424836603	0.0059829059829059825	0.00423336420161397
k__Bacteria;p__Proteobacteria;c__Betaproteobacteria;o__Burkholderiales;f__Sutterellaceae;g__Sutterella	0.0014860681114551083	0.0	0.0	0.00027932960893854746	0.0	0.0	0.0	0.0	0.0	0.0005855229451804143	0.0009478672985781991	0.0011732785803329178	0.0015445208124179473	0.0006058158319870759	0.0005951052592427285	0.003835740072202166	0.009562841530054645	0.00022007042253521127	0.00021282633371169125	0.0	0.0	0.002235379410343161	0.0	0.01180663844954333	0.0	0.0014568158168574402	0.0	0.0001147842056932966	0.00010227040294538761	0.00015391719255040788	0.0020257267294641955	0.008296296296296296	0.01148442272449603	0.0006543432030099788	0.0	0.0	0.0	0.0	0.00026143790849673205	0.0	0.0
k__Bacteria;p__Proteobacteria;c__Deltaproteobacteria;o__Desulfovibrionales;f__;g__	0.0	0.0	0.0	0.0	0.0	0.0	0.0	0.0	0.0	0.006221181292541901	0.0	0.0	0.0009267124874507683	0.0	0.0	0.0	0.0	0.0	0.0	0.0	0.0	0.0	0.0	0.0	0.0	0.0	0.0	0.0	0.0	0.0	0.0	0.0	0.0	0.0	0.0	0.0	0.0	0.0	0.00013071895424836603	0.0	0.0
k__Bacteria;p__Proteobacteria;c__Deltaproteobacteria;o__Desulfovibrionales;f__Desulfomicrobiaceae;g__Desulfomicrobium	0.0	0.0	0.0	0.0	0.0	0.0	0.0	0.0	0.0	0.0	0.0	0.0	7.722604062089736e-05	0.0	0.0	0.0	0.0	0.0	0.0	0.0	0.0	0.0	0.0	0.0	0.0	0.0	0.0	0.0	0.0	0.0	0.00010128633647320976	0.0	0.0068417837507635925	0.0	0.0	0.0	0.0	0.0	0.0	0.0	0.0
k__Bacteria;p__Proteobacteria;c__Deltaproteobacteria;o__Desulfovibrionales;f__Desulfovibrionaceae;g__Bilophila	0.0	0.0	0.0	0.0013966480446927373	0.0	0.0	0.003916931490651097	8.050881571532083e-05	0.0005870611717740989	0.00021957110444265535	0.000631911532385466	0.00014665982254161473	0.00030890416248358944	0.0005048465266558966	0.0008182697314587518	0.0001128158844765343	0.002276867030965392	0.0	0.0	0.002104017358143205	0.002398081534772182	0.0	0.0	0.0028217123338531228	0.0	0.0002081165452653486	0.0006675567423230974	0.002066115702479339	0.0	0.0	0.001215436037678517	0.0	0.0007330482590103849	0.0	0.0	0.0	0.00013025921583952066	0.00029806259314456036	6.535947712418301e-05	0.0	0.0
k__Bacteria;p__Proteobacteria;c__Deltaproteobacteria;o__Desulfovibrionales;f__Desulfovibrionaceae;g__Desulfovibrio	0.0	0.0	0.0	0.0	0.0	0.0	0.0	0.002254246840028983	0.0	0.0	0.0	0.005793062990393782	0.00023167812186269208	0.0	0.0026035855091869377	0.0	0.0	0.0	0.0	0.0	0.0	0.0030811986466892215	0.0	0.0	0.0	0.0	0.0	0.0	0.0	0.0	0.0	0.0	0.0009773976786805131	0.0008179290037624734	0.0	0.0	0.0	0.0	0.0	0.0	0.0
k__Bacteria;p__Proteobacteria;c__Epsilonproteobacteria;o__Campylobacterales;f__Campylobacteraceae;g__Campylobacter	0.027739938080495356	0.0004280821917808219	0.0	0.0	0.0	0.0	0.0	0.0	0.0	0.0	0.000315955766192733	0.0016132580479577621	0.002316781218626921	0.0	0.0	0.0	0.0	0.0005868544600938967	0.004114642451759364	0.000854757051745677	0.0032973621103117505	0.001570807153214113	0.0	0.012623449914606073	0.0	0.0001040582726326743	0.0038940809968847356	0.010445362718089992	0.0	0.028936432199476683	0.01833282690165097	9.876543209876543e-05	0.0002443494196701283	0.0	0.00048061518743992306	0.00527409301582228	0.006252442360296991	0.003477396920019871	0.041895424836601296	0.0012820512820512823	0.2297923005688583
k__Bacteria;p__Proteobacteria;c__Gammaproteobacteria;o__Enterobacteriales;f__Enterobacteriaceae;g__Citrobacter	0.0	0.0	0.0	0.0	0.0	0.0	0.0	0.0	0.0	0.0	0.0018957345971563982	0.0	0.0	0.00010096930533117933	0.0	0.0	0.0	0.0	0.0	6.575054244197515e-05	0.0	6.041565973900435e-05	0.0	7.425558773297691e-05	0.0	0.0	0.0	0.0001147842056932966	0.0	0.0	0.0	0.001382716049382716	0.0	0.0	0.00016020506247997436	0.0	0.0	0.0	0.0	0.0	0.00013229263130043657
k__Bacteria;p__Proteobacteria;c__Gammaproteobacteria;o__Enterobacteriales;f__Enterobacteriaceae;g__Enterobacter	0.0	0.0	0.0	0.0	0.0	0.0006783237865541151	0.0	0.0	0.0	0.0	0.0001579778830963665	0.0	0.0	0.0	0.0	0.0	0.0	0.0	0.0	0.0	0.0	0.0	0.0	0.0	0.0	0.0	0.0	0.0	0.0	0.0	0.0	0.0023703703703703703	0.0	0.0001635858007524947	0.0	0.0	0.0	0.0	0.0	0.0	0.0014552189443048022
k__Bacteria;p__Proteobacteria;c__Gammaproteobacteria;o__Enterobacteriales;f__Enterobacteriaceae;g__Escherichia/Shigella	0.0006191950464396285	0.0	0.0	0.0004189944134078212	0.0	0.0	0.018254378833789074	0.00096610578858385	0.0043442526711283316	0.00021957110444265537	0.001263823064770932	0.0	0.0023940072592478186	0.005553311793214863	0.0	0.0	0.0	0.00036678403755868543	0.0003547105561861521	6.575054244197515e-05	0.004196642685851319	0.0012687288545190913	0.0011786892975011788	0.016781762827652775	0.05010852127960744	0.0	0.009568313306631064	0.0013774104683195593	0.0009204336265084885	0.0	0.07019143117593438	0.0002962962962962963	0.00036652412950519245	0.0006543432030099788	0.00016020506247997436	0.000639284001917852	0.0006512960791976032	0.00029806259314456036	6.535947712418301e-05	0.00021367521367521368	0.0
k__Bacteria;p__Proteobacteria;c__Gammaproteobacteria;o__Pasteurellales;f__Pasteurellaceae;g__Haemophilus	0.0	0.0	0.0	0.00111731843575419	0.00013388673182487614	0.0	0.0	0.00040254407857660417	0.0017611835153222965	0.0	0.002685624012638231	0.0	0.0	0.00030290791599353796	0.00014877631481068215	0.0001128158844765343	0.0	7.335680751173709e-05	0.0	0.0	0.0013489208633093524	0.0	0.002828854314002829	7.425558773297691e-05	0.0	0.0	0.0	0.0	0.0	0.0	0.0	0.0	0.0	0.0	0.0	0.0	0.0	0.0011922503725782414	0.0	0.0017094017094017094	0.0
k__Bacteria;p__Proteobacteria;c__Gammaproteobacteria;o__Pseudomonadales;f__Moraxellaceae;g__Acinetobacter	0.0	0.0	0.0	0.0	0.0	7.536930961712391e-05	0.0	0.0	0.0	0.0	0.0	0.0	0.0	0.0	0.0	0.0001128158844765343	0.0	0.0	0.0	6.575054244197515e-05	0.0	0.0	0.0	0.00014851117546595382	0.0	0.0	0.0	0.0	0.0	0.0	0.0	0.0	0.0	0.0	0.0	0.0	0.0	9.935419771485345e-05	0.0	0.00021367521367521368	0.0
k__Bacteria;p__Synergistetes;c__Synergistia;o__Synergistales;f__Synergistaceae;g__Cloacibacillus	0.0	0.0	0.0	0.0	0.0	0.0	0.0	0.0	0.0	0.0	0.0	0.0	0.019152058073982545	0.0	0.0	0.0	0.0	0.0	0.0	0.0	0.0	0.0	0.0	0.0	0.0	0.0	0.0	0.0	0.0	0.0	0.0	0.0	0.0006108735491753207	0.0	0.0	0.0	0.0	0.0	0.0	0.0	0.0
k__Bacteria;p__Synergistetes;c__Synergistia;o__Synergistales;f__Synergistaceae;g__Jonquetella	0.0	0.0	0.0	0.0	0.0	0.0	0.0	0.0	0.0	0.0	0.0	0.0	0.0	0.0	0.0	0.0	0.0	0.0	0.0	0.0	0.0	0.0	0.0	0.0	0.0	0.0	0.00011125945705384957	0.0	0.0	0.0	0.0	0.0	0.0	0.0	0.0024030759371996154	0.0	0.0	0.0	0.0	0.0	0.0
k__Bacteria;p__Synergistetes;c__Synergistia;o__Synergistales;f__Synergistaceae;g__Pyramidobacter	0.0	0.0	0.0	0.0	0.0	0.0	0.0	0.0	0.0	0.0	0.0	0.0	0.0	0.0	0.0	0.0	0.0	0.0	0.0	0.0	0.0	0.0	0.0	0.0	0.0	0.0	0.00022251891410769915	0.002525252525252525	0.0	0.0	0.001316722374151727	0.0	0.0	0.0	0.0	0.0	0.0	0.0	0.002352941176470588	0.0	0.0
k__Bacteria;p__Verrucomicrobia;c__Verrucomicrobiae;o__Verrucomicrobiales;f__Verrucomicrobiaceae;g__Akkermansia	0.01647058823529412	0.0	0.0003484320557491289	0.0	0.004953809077520418	0.0	0.0	0.00040254407857660417	0.00011741223435481978	0.007465417551050282	0.0	0.0	0.00015445208124179472	0.002726171243941842	0.0004463289444320464	0.00315884476534296	0.0004553734061930783	0.0	0.0	0.0	0.0	0.0	0.0	0.0	0.006888742096819855	0.0	0.00011125945705384957	0.0003443526170798898	0.0	0.0	0.0	0.0	0.0	0.0	0.0	0.0	0.0	0.0	0.0	0.0	0.00026458526260087314
