Arm	Healthy_controls	Healthy_controls	Healthy_controls	Healthy_controls	Healthy_controls	Healthy_controls	Healthy_controls	Healthy_controls	Healthy_controls	Healthy_controls	Healthy_controls	Healthy_controls	Healthy_controls	Healthy_controls	Healthy_controls	Healthy_controls	Healthy_controls	Healthy_controls	Healthy_controls	Healthy_controls	Healthy_controls	Healthy_controls	Healthy_controls	New_onset	New_onset	New_onset	New_onset	New_onset	New_onset	New_onset	New_onset	New_onset	New_onset	New_onset	New_onset	New_onset	New_onset	New_onset	New_onset	New_onset	New_onset	New_onset	New_onset	New_onset	New_onset	New_onset	New_onset	Seropos	Seropos	Seropos	Seroneg	Seroneg	Seroneg	Seroneg	Seroneg	Seroneg	Seroneg	Seroneg	Seropos	Seropos	Seropos	Seroneg	Seropos	Seropos	Seropos	Seroneg	Seroneg	Seroneg	Seropos	Seroneg	Seroneg	Seroneg	Seroneg	Seropos	Seroneg	Seroneg	Seroneg	Seroneg	Seropos	Seropos	New_onset	New_onset	New_onset	New_onset	New_onset	New_onset	Seroneg	Seroneg	Seropos	Seroneg	Seroneg	Seroneg	Seroneg	Seroneg	Seropos	Seroneg	Seroneg	New_onset	New_onset	New_onset	New_onset	New_onset	New_onset	Seropos	Seropos	Seropos	Seroneg	Seropos	Seroneg	Seropos	Seroneg	Seropos
Age	6.0	5.0	22.0	24.0	4.0	24.0	21.0	22.0	21.0	13.0	11.0	16.0	10.0	13.0	6.0	10.0	12.0	9.0	8.0	6.0	9.0	18.0	13.0	16.0	4.0	11.0	7.0	11.0	14.0	12.0	14.0	20.0	14.0	5.0	15.0	8.0	10.0	4.0	11.0	15.0		10.0	2.0	12.0	3.0	9.0	15.0	6.0	15.0	9.0	12.0	21.0	6.0	11.0	4.0	4.0	7.0	6.0	7.0	17.0	9.0	12.0	11.0	10.0	49.0	43.0	15.0	3.0	13.0	10.0	41.0	41.0	9.0	6.0	42.0	12.0	10.0	12.0	45.0	39.0	8.0	9.0	11.0	12.0	10.0	13.0	10.0	32.0	7.0	14.0	44.0	45.0	8.0	11.0	9.0	37.0	13.0	16.0	14.0	10.0	11.0	10.0	4.0	4.0	15.0	36.0	13.0	7.0	27.0	7.0	31.0	6.0
Autoabno	0.0	0.0	0.0	0.0	0.0	0.0	0.0	0.0	0.0	0.0	0.0	0.0	0.0	0.0	0.0	0.0	0.0	0.0	0.0	0.0	0.0	0.0	0.0	0.0	3.0	4.0	2.0	4.0	2.0	4.0	1.0	1.0	0.0	1.0	1.0	2.0	4.0	4.0	3.0	2.0		3.0	2.0	2.0	1.0	4.0	1.0	3.0	1.0	3.0	0.0	0.0	0.0	0.0	0.0	0.0	0.0	0.0	3.0	4.0	3.0	0.0	3.0	3.0	1.0	0.0	0.0	0.0	3.0	0.0	0.0	0.0	0.0	4.0	0.0	0.0	0.0	0.0	3.0	1.0	1.0	1.0	1.0	1.0	4.0	1.0	0.0	0.0	1.0	0.0	0.0	0.0	0.0	0.0	4.0	0.0	0.0	3.0	3.0	2.0	1.0	3.0	3.0	4.0	4.0	1.0	0.0	3.0	0.0	2.0	0.0	3.0
Gender	M	F	F	M	F	F	M	M	F	M	M	M	F	M	F	M	M	M	M	F	F	M	M	M	F	F	F	F	F	M	M	M	M	M	F	M	F	M	M	M		F	M	F	F	M	F	M	F	F	M	M	F	M	M	M	F	M	F	F	F	F	M	F	M	M	F	M	M	M	M	M	F	M	F	F	M	F	F	F	F	M	M	F	M	F	M	M	F	F	M	F	M	F	M	F	F	F	M	F	M	M	M	F	F	M	F	M	M	M	M	F
study_condition	H	H	H	H	H	H	H	H	H	H	H	H	H	H	H	H	H	H	H	H	H	H	H	T1D	T1D	T1D	T1D	T1D	T1D	T1D	T1D	T1D	T1D	T1D	T1D	T1D	T1D	T1D	T1D	T1D	T1D	T1D	T1D	T1D	T1D	T1D	T1D	T1D	T1D	T1D	H	H	H	H	H	H	H	H	T1D	T1D	T1D	H	T1D	T1D	T1D	H	H	H	T1D	H	H	H	H	T1D	H	H	H	H	T1D	T1D	T1D	T1D	T1D	T1D	T1D	T1D	H	H	T1D	H	H	H	H	H	T1D	H	H	T1D	T1D	T1D	T1D	T1D	T1D	T1D	T1D	T1D	H	T1D	H	T1D	H	T1D
k__Archaea;p__Euryarchaeota;c__Methanobacteria;o__Methanobacteriales;f__Methanobacteriaceae;g__Methanobrevibacter	0.0	0.0	0.0	0.0	0.0	0.0	0.0	0.0	0.0	0.0	0.0	0.0	0.0	0.0	0.0	0.0	0.0	0.0	0.0	0.0	0.0	0.0	0.0	0.0	0.0	0.0	0.0	0.0	0.0	0.0	0.0	0.0	0.0	0.0	0.0	0.0	0.05221932114882506	0.0	0.0	0.00897338403041825	0.0	0.0	0.0	0.0006979990693345743	0.0	0.0	0.0	0.0	0.27224080267558526	0.0	0.0009306654257794323	0.0	0.0	0.0	0.0	0.0	0.0	0.0	0.0	0.0	0.0	0.0	0.0	0.0	0.0006415396952686447	0.0	0.0	0.0	0.0	0.0	0.000524704853519895	0.0	0.0	0.0	0.00020061186619188526	0.0	0.0	0.0	0.0	0.0	0.0	0.0	0.0	0.0	0.0	0.0	0.0	0.0	0.0	0.0	0.0	0.0	0.0	0.0	0.0	0.0	0.0	0.0	0.0	0.0	0.0	1.3152702880441932e-05	2.438786459857575e-05	0.028365474630219066	0.0	0.0005452870278096383	8.179959100204499e-05	0.0	0.0	0.0	0.0	0.0
k__Archaea;p__Euryarchaeota;c__Thermoplasmata;o__Methanomassiliicoccales;f__Methanomassiliicoccaceae;g__Methanomassiliicoccus	0.0	0.0	0.0	0.0	0.0	0.0	0.0	0.0	0.0	0.0	0.0	0.0	0.0	0.0	0.0	0.0	0.0	0.0	0.0	0.0	0.0	0.0	0.0	0.0	0.0	0.0	0.0	0.0	0.0	0.0	0.0	0.0	0.0	0.0	0.0	0.0	0.0006216585851050603	0.0	0.0	0.0	0.0	0.0	0.0	0.0	0.0	0.0	0.0	0.0	0.0	0.0	0.0	0.0	0.0	0.0	0.0	0.0	0.0	0.0	0.0	0.0	0.0	0.0	0.0	0.0	0.0	0.0	0.0	0.0	0.0	0.0	0.0	0.0	0.0	0.0	0.0	0.0	0.0	0.0	0.0	0.0	0.0	0.0	0.0	0.0	0.0	0.0	0.0	0.0	0.0	0.0	0.0	0.0	0.0	0.0	0.0	0.0	0.0	0.0	0.0	0.0	0.0	0.0	0.0	0.0	0.0	0.0	0.0	0.0	0.0	0.0	0.0	0.0
k__Bacteria;p__;c__;o__;f__;g__	0.0	0.0	0.0	0.0	0.0	0.0	0.0	0.0	0.0	0.0	0.0	0.0	0.0	0.0	0.0	0.0	0.0	0.0	0.0	0.0	0.0	0.0	0.0	0.0	0.0	0.0	0.0	0.0	0.0	0.0	0.0	0.0	0.0	0.0	0.0	0.0	0.004413775954245928	0.0	0.0	0.0	0.0	0.0	0.0	0.0	0.0	0.0	0.0	0.0	0.0	0.0	0.0	0.0	0.0	0.0	0.0	0.0	0.0	0.0	0.0	0.0	0.0	0.0	0.0	0.0	0.0009623095429029671	0.0	0.0	0.0	0.00023575175340366595	0.0	0.0	1.8418241426308618e-05	0.001535514714030172	6.104819755196727e-05	5.0152966547971315e-05	0.0	0.0	0.0	0.0	0.0	0.0	0.0	0.0	0.0	0.0	0.0	0.0	0.0	0.0	0.0	0.0	0.0	0.0	0.0	0.0	0.0	0.0	0.0	0.0	0.0	0.0001575441123514584	1.3152702880441932e-05	0.000951126719344454	0.1060662797228983	0.00011743291644647995	0.00022563601150743658	0.0	0.0	0.0002637826431020839	0.0006718495057107208	0.0	0.0
k__Bacteria;p__Actinobacteria;c__Actinobacteria;o__Bifidobacteriales;f__Bifidobacteriaceae;g__Bifidobacterium	0.0002969708968521085	0.00020634511220015477	0.0	0.0	0.0	0.0	0.0	0.0002070822116380203	0.0	0.0005962436649110603	0.001004016064257028	0.0016056518946692357	0.0	0.0002656042496679947	0.0	0.0011198208286674132	0.0066815144766146995	0.00017444395987788923	0.00031938677738741617	0.0	0.0	0.0	0.000691494616220488	0.0	0.0	0.0	0.0	0.0	0.0	0.0	0.0	0.0025906735751295333	0.0004279397080500214	0.0012004801920768306	0.0034824537905170107	0.004021447721179624	0.004289444237224917	0.0014619883040935672	0.0	0.0	0.0	0.0	0.0	0.0	0.0	0.0	0.0	0.0	0.0023411371237458192	0.0024875621890547263	0.0	0.0001450536698578474	0.0	0.0	0.0	0.0	0.0	0.0	0.000687426960885406	0.0	0.0	0.0	0.0	0.001112842198976185	0.0030473135525260625	0.0002487355940635105	0.0	0.000895625215294523	0.005127600636529735	0.00021824530772588389	8.745080891998251e-05	3.6836482852617235e-05	0.0011081034018774441	0.00021366869143188546	0.00010030593309594263	0.001917985844724189	0.00036202371255317223	0.0005854800936768149	0.001828796511218964	0.0	0.0003929273084479371	0.0	0.0002927400468384075	0.0	0.0	0.0	0.00035486160397445	0.0	0.0	0.0	0.0	0.0	0.0005243838489774515	0.00129926375054136	0.0	0.0	0.0009010361916203635	0.0028544243577545195	0.000706436420722135	1.2516584474428618e-05	0.0019355419517464894	0.004905958174404842	7.316359379572725e-05	0.023403856955626273	0.00681110915389584	0.007540003384540171	0.004130879345603271	0.00290572535514421	0.0	0.0	1.3093461125513919e-05	4.002842017832661e-05
k__Bacteria;p__Actinobacteria;c__Actinobacteria;o__Coriobacteriales;f__Coriobacteriaceae;g__	0.0	0.0	0.0	0.0	0.0	0.0	0.0	0.0	0.0	0.0	0.0	0.0	0.0	0.0	0.0	0.0	0.0	0.0	0.0	0.0	0.0	0.0	0.0	0.0	0.0	0.0	0.0	0.0	0.0	0.0	0.0	0.0	0.0	0.0	0.0	0.0	0.0	0.0	0.0	0.0	0.0	0.0	0.0	0.0	0.0	0.0	0.0	0.0	0.0	0.0	0.0	0.0	0.0	0.0	0.0	0.0	0.0	0.0	0.0	0.0	0.0	0.0	0.0	0.0	0.0	0.0	0.0	0.0	0.0	0.0	0.0	0.0	0.0	0.0	0.0	0.0	0.0	0.0	0.0	0.0	0.0	0.0	0.0	0.0	0.0	0.0	0.0	0.0	0.0	0.0	0.0	0.0	0.0	0.0	0.0	0.0	0.0	0.0	0.0	0.00010013267579542894	0.0	0.0	0.0	0.0005616925669350309	0.0	0.0	0.0	0.0	0.0	0.0	0.0	0.0
k__Bacteria;p__Actinobacteria;c__Actinobacteria;o__Coriobacteriales;f__Coriobacteriaceae;g__Collinsella	0.0	0.0	0.0	0.0	0.0	0.0	0.0	0.0	0.0	0.0	0.0	0.0	0.0	0.0	0.0	0.0	0.0031649279099753838	0.0	0.0	0.0	0.0	0.0	0.0	0.0	0.0	0.0	0.0	0.0	0.0	0.0	0.0	0.0	0.0	0.0	0.0	0.0	0.0	0.0	0.0	0.0	0.0	0.0	0.0	0.0	0.0	0.0	0.0	0.0	0.0026755852842809363	0.004228855721393035	0.0	0.0001450536698578474	7.13063320022818e-05	0.0	0.0	0.0	0.0	0.0	0.0	0.0	0.0	0.0	0.0	0.0	0.0	0.0	0.0	0.0	0.0	0.0	0.0	0.0001105094485578517	9.498029158949517e-05	9.157229632795092e-05	0.0013039771302472546	0.00010805554054784159	0.0	0.0	0.0	0.00010618529333687285	0.0	0.0	0.0	0.0	0.0	0.0	0.0	0.0	0.0	0.0	0.0	0.0	0.0	0.0	0.0	0.0	0.0	0.0	0.0	0.014907252109044476	0.02464440043212096	2.6305405760883863e-05	0.00246317432445615	0.019284778131436038	0.018906699547883262	0.008611774439200486	0.007689161554192223	0.006457167455876022	0.03042293150444034	0.013149054611766962	0.0006546730562756958	0.0
k__Bacteria;p__Actinobacteria;c__Actinobacteria;o__Coriobacteriales;f__Coriobacteriaceae;g__Eggerthella	0.0	0.0	0.0	0.0	0.0	0.0	0.0	0.0	0.0	0.0	0.0	0.0	0.0	0.0	0.0	0.0	0.0	0.0	0.0	0.0	0.0	0.0	0.0	0.0	0.0	0.0	0.0	0.0	0.0	0.0	0.0	0.0	0.0	0.0	0.0	0.0	0.0	0.0	0.0	0.0	0.0	0.0	0.0	0.0	0.0	0.0	0.0	0.0	0.0	0.0	0.0	0.0	0.0	0.0	0.0	0.0	0.0	0.0	0.0	0.0	0.0	0.0	0.0	0.0	0.0	0.0	0.0	0.0	0.0	0.0	0.0	0.0	0.0	0.0	0.00010030593309594263	0.0	0.0	0.0	7.033832735457551e-05	0.0	0.0	0.0	0.0	0.0	0.0	0.0	0.0	0.0	0.0	0.0	0.0	0.0	0.0	0.0	0.0	0.0	0.0	0.0	0.0	6.258292237214309e-05	2.250630176449406e-05	0.0	2.438786459857575e-05	0.0	0.0	0.0	4.089979550102249e-05	0.0	0.0	0.0	0.0	0.0
k__Bacteria;p__Actinobacteria;c__Actinobacteria;o__Coriobacteriales;f__Coriobacteriaceae;g__Slackia	0.0	0.0	0.0	0.0	0.0	0.0	0.0	0.0	0.0	0.0	0.0	0.0	0.0	0.0	0.0	0.0	0.0	0.0	0.0	0.0	0.0	0.0	0.0	0.0	0.0	0.0	0.0	0.0	0.0	0.0	0.0	0.0	0.0	0.0	0.0	0.0	0.0	0.0	0.0	0.0	0.0	0.0	0.0	0.0	0.0	0.0	0.0	0.0	0.0	0.0	0.0	0.0	0.0	0.0	0.0	0.0	0.0	0.0	0.0	0.0	0.0	0.0	0.0	0.0	0.0	0.0	0.0	0.0	0.0	0.0	0.0	0.0	0.0	0.0	0.0	0.0	0.0	0.0	0.0	0.0	0.0	0.0	0.0	0.0	0.0	0.0	0.0	0.0	0.0	0.0	0.0	0.0	0.0	0.0	0.0	0.0	0.0	0.0	0.0	0.0	0.00047263233705437525	0.0	0.0	0.000655307994757536	0.0	5.6409002876859146e-05	0.0	0.0	0.0	0.0	0.0	0.0
k__Bacteria;p__Bacteroidetes;c__;o__;f__;g__	0.0	0.0	0.0	0.0	0.0	0.0	0.0	0.0	0.0	0.0	0.0	0.0	0.0	0.0	0.0	0.0	0.0	0.0	0.0	0.0	0.0	0.0	0.0	0.0	0.0	0.0	0.0	0.0	0.0	0.0	0.0	0.0	0.0	0.0	0.0	0.0	0.0	0.0	0.0	0.0	0.0	0.0	0.0	0.0	0.0	0.0	0.0	0.0	0.0	0.0	0.0	0.0	0.0	0.0	0.0	0.0	0.0	0.0	0.0	0.0	0.0	0.0	0.0	0.0	0.0	0.0	0.0	0.0	0.0	0.0	0.0	0.0	0.0	0.0	0.0	0.0	0.0	0.0	0.0	0.0	0.0	0.0	0.0	0.0	0.0	0.0	0.0	0.0	0.0	0.0	0.0	0.0	0.0	0.0	0.0	0.0	0.0	0.0	0.0	0.0	0.0	0.0	0.0	0.0	0.0	0.0	0.0	0.0	0.0	0.0	0.0004320842171419593	0.0
k__Bacteria;p__Bacteroidetes;c__Bacteroidia;o__Bacteroidales;f__;g__	0.0	0.0	0.0	0.0	0.0	0.0	0.0	0.0	0.0	0.0	0.0	0.0	0.0	0.0	0.0	0.0	0.0	0.0	0.0	0.0	0.0	0.0	0.0	0.0	0.0	0.0	0.0029630959863518004	0.0	0.0	0.0	0.0	0.0	0.0	0.0	0.0	0.0	0.0	0.0	0.0	0.0	0.0	0.0	0.0	0.0	0.0	0.0	0.0	0.0	0.0	0.0	0.0	0.0	0.0	0.0	0.0	0.0	0.0	0.0	0.0	0.0	0.0	0.0	0.0	0.0	0.0	0.0	0.0	0.0	0.0	0.0	0.0	0.0	0.0	0.0	0.0013541300967952255	0.0	0.0	0.0	0.0	0.001752057340058402	0.0	0.0	0.0	0.0	0.0	0.0	0.0	0.0	0.0	0.0	0.0	0.0	0.0	0.0	0.0	0.0	0.0	0.0	0.0	0.0	0.0	0.0	0.0	0.0	0.00011743291644647995	0.0	0.0	0.0	0.0	0.0	0.0	0.0
k__Bacteria;p__Bacteroidetes;c__Bacteroidia;o__Bacteroidales;f__Bacteroidaceae;g__Bacteroides	0.6151257176796577	0.8845499097240184	0.8663141993957882	0.9655172413792479	0.8807415605976386	0.9717460448593463	0.9771547248182693	0.8809277283081136	0.7547580996658457	0.7368577958858926	0.756024096385549	0.6409762363519595	0.7182374726022118	0.8410358565736965	0.8681201239713149	0.4255319148936157	0.4612589379908562	0.791801133885733	0.6946662408176211	0.67881548974943	0.7767986830638046	0.9609837754313724	0.8215943890150998	0.7039635984869277	0.3092285187305221	0.7034611786716579	0.63751459100296	0.6023491229425778	0.22478073391804035	0.11521942110177373	0.6723209477652128	0.711421491326875	0.0004754885645000238	0.42436974789916204	0.5226359496383597	0.6084953083109899	0.4054457292055207	0.589668615984407	0.1885856079404465	0.7041825095057178	0.8546739458083861	0.76088508208423	0.9221510386332781	0.7303396928804002	0.747918672481181	0.8548762428601541	0.9898409893992997	0.48536209553158743	0.36822742474916786	0.15895522388059544	0.8464402047463967	0.12271540469973821	0.7714632059326877	0.453897096281204	0.6063183475091062	0.830903790087441	0.8997847194762552	0.866572104018896	0.8865745514539207	0.9510556621881056	0.9582051282051016	0.7423813488759445	0.9333856358319559	0.7363676830625511	0.3753007217321478	0.7583119144349456	0.3509790528233187	0.881157423355176	0.7317145046266189	0.8352247926669565	0.3883690424136396	0.8116734814159603	0.6359088822402769	0.7676200360184255	0.5412508149857214	0.6291533848398175	0.5944881889763789	0.5247365339578538	0.3583034395442052	0.012795327847093191	0.9304518664047269	0.9488530347931239	0.7429742388758727	0.9393718042366543	0.9031925849639592	0.9856514453288815	0.6926898509581344	0.925961538461586	0.4519914651493506	0.5598256735340638	0.8148814881487839	0.7677304964538938	0.2831672784478253	0.881333910783888	0.977921606581187	0.9673455056179479	0.806877909596046	0.638915318744046	0.9262166405023424	0.47650637094153386	0.3037450486136348	0.8327239247665538	0.2313188957174883	0.013480621606440715	0.22746755915683833	0.2616625613448162	0.15153374233128647	0.4742789496340747	0.5582520003517312	0.3331413763317149	0.6605913007044408	0.6942929479930631
k__Bacteria;p__Bacteroidetes;c__Bacteroidia;o__Bacteroidales;f__Porphyromonadaceae;g__	0.0	0.0	0.0	0.0	0.0	0.0	0.0	0.0	0.0	0.0	0.0	0.0	0.0	0.0	0.0	0.0	0.0	0.0017444395987788923	0.0035132545512615776	0.0	0.002420838578483587	0.0	0.0003951397806974217	0.0	0.0	0.0	0.0	0.0	0.0	0.0	0.0	0.004505519261094841	0.0	0.0	0.005625502276989016	0.00041890080428954424	0.0	0.0	0.0	0.0	0.0	0.0	0.0	0.0	0.0	0.0	0.0	0.0	0.0	0.0	0.0	0.0	0.0	0.0	0.0	0.0	0.0	0.0	0.0	0.0	0.0	0.0	0.0	0.0	0.0	0.0	0.0	0.0	0.0	0.0	0.0	0.0012156039341363694	0.012173307372053632	0.0003662891853118036	0.0006519885651236271	0.0	0.0	0.0	0.0	0.0	0.0	0.0	0.0	0.0	0.0	0.0	0.0	0.0	0.0	0.0	0.0	0.0	0.0	0.0	0.0	0.0	0.0	0.0	0.0	0.00030039802738628677	0.0007652142599927981	5.2610811521767726e-05	0.0	0.0	0.00017614937466971993	0.0	0.0	0.0	0.0	0.0	0.0	0.0
k__Bacteria;p__Bacteroidetes;c__Bacteroidia;o__Bacteroidales;f__Porphyromonadaceae;g__Barnesiella	0.0	0.0	0.0	0.0	0.0	0.0	0.0	0.0	0.0	0.001490609162277651	0.002008032128514056	0.0	0.0	0.0	0.0	0.0	0.01348024850545071	0.006541648495420846	0.0	0.002277904328018223	0.0	0.0	0.0	0.0	0.0	0.0	0.0	0.0	0.0	0.0	0.0	0.0025906735751295338	0.0	0.012605042016806723	0.0	0.0	0.01902275270421484	0.0	0.0	0.06372623574144486	0.0	0.0	0.0	0.0	0.0	0.0	0.0	0.0	0.0	0.0	0.0	0.0	0.0007843696520250999	0.0	0.0	0.0	0.0	0.0	0.0	0.0	0.0	0.0	0.0	0.0	0.03127506014434643	0.0008291186468783683	0.0	0.0	0.00671892497200448	0.0	0.0	0.0	1.5830048598249197e-05	0.0	0.00030091779928782786	0.015073747906423898	0.0773373155941714	0.0268588992974239	0.043539424632482254	0.0	0.0	0.0	0.0	0.0	0.0	0.0	0.0	0.0	0.0	0.0	0.0	0.0	0.0	0.0	0.0	0.0	0.0	0.0	0.0	0.0	0.0	0.0	0.0	0.0	5.8716458223239976e-05	0.009326288475640711	0.0006134969325153375	0.0	0.0	0.0	0.0	0.0
k__Bacteria;p__Bacteroidetes;c__Bacteroidia;o__Bacteroidales;f__Porphyromonadaceae;g__Butyricimonas	0.0	0.0	0.0	0.0	0.0	0.0	0.0	0.0	0.0	0.0009937394415184338	0.001004016064257028	0.0	0.0	0.0	0.0	0.0	0.0	0.0	0.0	0.0	0.0	0.0	0.0	0.0	0.0	0.0	0.0	0.0	0.0	0.0	0.0	0.0	0.0	0.0	0.0	0.0	0.0	0.0	0.0	0.0	0.0	0.0	0.0	0.0	0.0	0.0	0.0	0.0	0.0	0.0	0.0	0.0	0.0	0.0	0.0	0.0	0.0	0.0	0.0	0.0	0.0	0.0	0.0	0.0	0.0014434643143544507	0.0	0.00022768670309653916	0.0	0.0	0.0	0.0	0.0	0.0	0.0	0.0	0.0	0.0	0.0	0.0	0.0	0.0	0.0	0.0	0.0	0.0	0.0	0.0	0.0	0.0	0.0	0.0	0.0	0.0	0.0	0.0	0.0	0.0	0.0	0.0	0.0	0.0	0.0	0.00024387864598575748	0.0	0.0	0.0	0.0	0.0	0.0	0.0	0.002252075313588394	0.0
k__Bacteria;p__Bacteroidetes;c__Bacteroidia;o__Bacteroidales;f__Porphyromonadaceae;g__Odoribacter	0.00019798059790140566	0.00020634511220015477	0.0	0.0	0.0	0.0	0.0	0.0	0.0	0.003577461989466362	0.0050200803212851405	0.0009633911368015413	0.0021918222356586805	0.0	0.0	0.0011198208286674132	0.012190833431016292	0.015351068469254254	0.0	0.0	0.0	0.0	0.0011854193420922652	0.0	0.0	0.0	0.0	0.0	0.0	0.0	0.0	0.0006758278891642262	0.0	0.005402160864345738	0.025448700776855085	0.0	0.018774089270172815	0.0	0.0	0.00045627376425855514	0.0004354087818602003	0.0	0.0	0.0030246626337831553	0.0007928866738404032	0.0	0.00014723203769140164	0.0	0.002006688963210702	0.0012437810945273632	0.0	0.0002901073397156948	0.000713063320022818	0.0	0.0006750371270419872	0.0	0.0	0.0	0.0	0.0	0.0	0.0	0.0	0.027264633874916514	0.07377706495589414	0.0448553187961198	0.10780965391621136	0.011436445056837727	0.010432015088112197	0.0008729812309035355	0.006034105815478788	0.004401959700887762	0.016415760396384402	0.004181801532309758	0.00015045889964391396	0.007888054459992438	0.010453434699972848	0.010099531615925065	0.00935499753815854	0.00010618529333687285	0.0003929273084479371	0.0	0.0014637002341920376	0.0	0.0	0.0	0.0	0.0	0.001422475106685633	0.0	0.0009000900090009002	0.0008865248226950354	0.0	0.0008661758336942399	0.0	0.0	0.005256044451118786	0.0072040233790947525	0.001883830455259026	0.003517160237314445	0.0016879726323370552	0.0	0.002950931616427665	0.0001872308556450103	0.00246609124537608	0.004211872214805483	0.0005316973415132924	0.0006457167455876022	8.792754770069463e-05	0.0004798925040790863	2.6186922251027838e-05	4.002842017832661e-05
k__Bacteria;p__Bacteroidetes;c__Bacteroidia;o__Bacteroidales;f__Porphyromonadaceae;g__Parabacteroides	0.02959809938626011	0.014340985297910776	0.03965256797583081	0.032231658651386476	0.0	4.130695196001487e-05	0.016787815853236396	0.015324083661213508	0.013656835682115372	0.022458511378316597	0.0401606425702811	0.10661528580603703	0.04519688610082391	0.004116865869853922	0.0	0.026875699888017916	0.0022271714922048997	0.009158307893589184	0.004471414883423826	0.004555808656036446	0.009005519511958944	0.0	9.878494517435543e-05	0.0	0.0	0.0	0.0	0.0	0.0	0.0	0.0	0.0015769317413831944	4.7548856450002375e-05	0.017406962785114045	0.03455665684436111	0.004272788203753352	0.03276140743503667	0.2495126705653021	0.009925558312655087	0.010950570342205325	0.0022775228589610474	0.020699500356887942	0.024849543777907206	0.023731968357375528	0.054822450019822146	0.030251745292997664	0.0013250883392226147	0.0	0.0046822742474916385	0.009203980099502488	0.008375988832014892	0.009428488540760081	0.001069594980034227	0.0005094243504839531	0.0	0.0	0.0	0.0	0.0	0.0	0.0	0.0	0.0	0.002670821277542844	0.0073777064955894145	0.0003316474587513473	0.00466757741347905	0.0036513951085084405	0.015559615724641948	0.008511567001309471	0.0	0.0006814749327734188	0.0	0.0	0.016048949295350827	0.010967637365605921	0.006561679790026247	0.007025761124121783	0.009354997538158537	0.012105123440403511	0.011001964636542237	0.00867083744923719	0.013173302107728343	0.0	0.0027463096464126337	0.00010473397570171764	0.0106458481192335	0.012019230769230765	0.010668563300142245	0.026545166402535635	0.029402940294029425	0.0	0.0	0.0	0.006351318654730219	0.004037921348314606	0.0009010361916203634	0.014238140546418367	0.005572998430141286	0.0017398052419455798	0.016204537270435714	0.003682756806523744	0.007877280265339966	0.0	0.0022312254124831196	0.007803245397965511	0.0020040899795501026	0.05434782608695679	0.023300800140684187	0.03272866877819356	0.07865242098096185	0.17286273254010337
k__Bacteria;p__Bacteroidetes;c__Bacteroidia;o__Bacteroidales;f__Porphyromonadaceae;g__Porphyromonas	0.0	0.0	0.0	0.0	0.0	0.0	0.0	0.0	0.0	0.0	0.0	0.0	0.0	0.0	0.0	0.0	0.0	0.0	0.0	0.0	0.0	0.0	0.0	0.0	0.0	0.0	0.0	0.0	0.0	0.0	0.0	0.0	0.0	0.0	0.0	0.0	0.0	0.0	0.0	0.0	0.0	0.0	0.0	0.0	0.0	0.0	0.0	0.0	0.0	0.0	0.0	0.0	0.0	0.0	0.0	0.0	0.0	0.0	0.0	0.0	0.0	0.0	0.0	0.0	0.0	0.0	0.0	0.0	0.0	0.0	0.0	0.0	0.0	0.0	0.0	0.0	0.0	0.0	0.0	0.0	0.0	0.0	0.0	0.0	0.0	0.0	0.0	0.0	0.0	0.0	0.0	0.0	0.0	0.0	0.0	0.0	0.0	0.0	0.0	0.001965103762485293	0.0	0.0	0.0	0.0	0.0	0.00015042400767162437	0.0	0.0	0.0	0.0	0.0	0.0
k__Bacteria;p__Bacteroidetes;c__Bacteroidia;o__Bacteroidales;f__Prevotellaceae;g__	0.0	0.0	0.0	0.0	0.0	0.0	0.0	0.0	0.0	0.0	0.0	0.0	0.0	0.0	0.0	0.0	0.0	0.0	0.0	0.0	0.0	0.0	0.0	0.0	0.0	0.0	0.0	0.0	0.0	0.0	0.0	0.0	0.0	0.0	0.0	0.0	0.0	0.0	0.0	0.0	0.0	0.0	9.706853038245001e-05	0.00488599348534202	0.0	0.0	0.0	0.0	0.0	0.0	0.0	0.0	0.0	0.0	0.0	0.0	0.0	0.0	0.0	0.0	0.0	0.0	0.0	0.0	0.0	0.0	0.0	0.0	0.0	0.0	0.0	0.0	0.0	0.0	0.0	0.0	0.0	0.0	0.0	0.0015927794000530925	0.0	0.0	0.0	0.0	0.0	0.0	0.0	0.0	0.0	0.0	0.0	0.0	0.0	0.0	0.0	0.0	0.0	0.0	0.0	0.0	0.0	0.0	0.0	0.0	0.0	0.0	0.0	0.0	0.0	0.0	0.0	0.0
k__Bacteria;p__Bacteroidetes;c__Bacteroidia;o__Bacteroidales;f__Prevotellaceae;g__Alloprevotella	0.0	0.0	0.0	0.0	0.0	0.0	0.0	0.0	0.0	0.0	0.0	0.0	0.0	0.0	0.0	0.0	0.0	0.0	0.0	0.02050113895216401	0.05567928730512251	0.0	0.0	0.0	0.0	0.0	0.0	0.0	0.0	0.0	0.0	0.0	0.0	0.0	0.0	0.0	0.0	0.0	0.0	0.0	0.0	0.0	0.0	0.0	0.0	0.0	0.0	0.0	0.0	0.0	0.0	0.0	0.0	0.0	0.0	0.0	0.0	0.0	0.0	0.0	0.0	0.0	0.0	0.0	0.0	0.0	0.0	0.0	0.0	0.0	0.0	0.0	0.0	0.0	0.0	0.0	0.0	0.0	0.0	0.0	0.0	0.0	0.0	0.0	0.0	0.0	0.0	0.0	0.0	0.0	0.0	0.0	0.0	0.0	0.0	0.0	0.0	0.0	0.0	0.0	0.0	0.0	0.0	0.0	0.0	0.0	0.0	0.0	0.0	0.0	0.0	0.0
k__Bacteria;p__Bacteroidetes;c__Bacteroidia;o__Bacteroidales;f__Prevotellaceae;g__Hallella	0.0	0.0	0.0	0.0	0.0	0.0	0.0	0.0	0.0	0.0	0.0	0.0	0.0	0.0	0.0	0.0	0.0	0.0	0.0	0.0	0.0	0.0	0.0	0.0	0.0	0.0	0.0	0.0	0.0	0.0	0.0	0.0	0.0	0.0	0.0	0.0	0.0	0.0	0.0	0.0	0.0	0.0	0.0	0.0	0.0	0.0	0.0	0.0	0.0	0.0	0.0	0.0	0.0	0.0	0.0	0.0	0.0	0.0	0.0	0.0	0.0	0.0	0.0	0.0	0.0	0.0	0.0	0.0	0.0	0.0	0.0	0.0	1.5830048598249197e-05	3.0524098775983637e-05	0.0	0.0	0.0	0.0	0.0	0.0	0.0	0.0	0.0	0.0	0.0	0.0	0.0	0.0	0.0	0.0	0.0	0.0	0.0	0.0	0.0	0.0	0.0	0.0	0.0	0.002978947104914011	2.250630176449406e-05	0.0	0.0	0.0	0.0	3.76060019179061e-05	0.0	0.0	0.0	0.0	0.0	0.0
k__Bacteria;p__Bacteroidetes;c__Bacteroidia;o__Bacteroidales;f__Prevotellaceae;g__Paraprevotella	0.0017818253811126509	0.0005674490585504256	0.0	0.0	0.0	0.0	0.0	0.0	0.0	0.0	0.0	0.0	0.0	0.0	0.0	0.0	0.0	0.0	0.0	0.0	0.0	0.0	0.0	0.0	0.0	0.0	0.0	0.0	0.0	0.0	0.0	0.0	0.0	0.0	0.0	0.0	0.0	0.0	0.0	0.0	0.0	0.0	0.0	0.0	0.0	0.0	0.0	0.0	0.0	0.0	0.0	0.0	0.0	0.0	0.0	0.0	0.0	0.0	0.0	0.0	0.0	0.0	0.0	0.0	0.0016038492381716118	0.0	0.002959927140255009	0.0	0.0007661931985619143	0.00043649061545176777	0.0064713598600787065	0.0	0.0	0.0	0.0	0.0	0.0	0.0	0.0	0.006848951420228298	0.0	0.0	0.0	0.0	0.0	0.0	0.0	0.0	0.0	0.0	0.0	0.0	0.0	0.0	0.0	0.0	0.0	0.0	0.0	0.0	0.0	0.0	0.0	0.0	0.0	0.0	0.0	0.0	0.0	0.0	0.0	0.0
k__Bacteria;p__Bacteroidetes;c__Bacteroidia;o__Bacteroidales;f__Prevotellaceae;g__Prevotella	0.2741041377944962	0.006138767087954614	0.0	0.0	0.0	0.0	0.0	0.0	0.12262095016707819	0.009440524694425119	0.045180722891566244	0.0	0.0	0.0	0.0	0.05599104143337066	0.0	0.0	0.0	0.0	0.0	0.0	0.0	5.4821555835754616e-05	0.5996311136551545	0.0012472715933894605	0.03196552033761349	0.00015454756201220925	2.9333255111319702e-05	0.4089635854341724	0.002154011847065159	0.00033791394458211306	0.7609718986258338	0.0012004801920768306	0.00321457272970801	0.0	0.00018649757553151807	0.0	0.004962779156327543	0.0	0.0	0.0	0.0009706853038245001	0.1093531875290833	0.0	0.0	0.0	0.0	0.12642140468227395	0.5241293532338289	0.0293159609120521	0.5713664055700597	7.13063320022818e-05	0.0	0.00013500742540839745	0.0	0.0	0.0	0.0	0.0	0.0	0.0	0.0	0.000667705319385711	0.18957497995188438	8.291186468783683e-05	0.14970400728597444	0.0	0.03324099722991685	0.05958096900916645	8.745080891998251e-05	1.8418241426308618e-05	0.0	0.0	0.0	0.0	0.0	0.0	0.0	0.5351207857711705	0.0	0.0	0.0	0.0	0.0	0.0	0.0	0.0	0.2706258890469417	0.16759112519809824	0.00030003000300030005	0.0	0.0	0.0	0.0	0.0	0.0	0.07672964523582974	7.849293563579278e-05	0.0014519237990337202	0.20827331652863199	0.00019729054320662901	0.41213052385132315	0.0037446171129002083	0.2298162174857631	0.17095688471880402	0.2040899795500999	0.004627636676711146	0.0003517101908027785	0.000383914003263269	0.18964569094194372	0.019023506689749697
k__Bacteria;p__Bacteroidetes;c__Bacteroidia;o__Bacteroidales;f__Rikenellaceae;g__Alistipes	0.05424668382498504	0.07335568738715505	0.05815709969788511	0.00020464545175483476	0.010237963475373547	0.015077037465405453	0.0	0.04369434665562221	0.009007700130756942	0.06687866441419082	0.08935742971887542	0.01894669235709697	0.1902350540397548	0.029946879150066486	0.06198567917067444	0.04143337066069429	0.05696870237955692	0.022852158744003467	0.11338230597253257	0.06378132118451024	0.06836448145637651	0.0017769765645119743	0.02933912871678357	0.0012608957842223563	0.01233861222413026	0.0018709073900841909	0.0031426775612822125	0.025963990418051155	0.005309319175148866	0.0	0.004711900915455037	0.016557783284523536	0.0	0.006002400960384153	0.11867130993838734	0.028987935656836463	0.03369389531269426	0.0	0.022332506203473945	0.042585551330798437	0.020095789932009226	0.05139186295503216	0.026985051446321087	0.0160539785946952	0.052840233335221094	0.05706579225724559	0.0	0.0030816640986132513	0.05317725752508362	0.01990049751243781	0.0037226617031177293	0.008558166521612997	0.005633200228180261	0.0392256749872644	0.00013500742540839745	0.0010601643254704478	0.007424981327709681	0.015791962174940898	0.0017529387502577855	0.0013709898546750753	0.001282051282051282	0.0	0.0	0.1831738259514787	0.21331194867682388	0.1639996683525426	0.1852231329690336	0.05442645539097488	0.09253256321093965	0.013749454386730675	0.08264101442938389	0.10833609606954456	0.1870478542369134	0.05149415463508505	0.14238427202968854	0.15254740936841518	0.2248619784595917	0.182157494145197	0.24984173876345006	5.309264666843642e-05	0.03182711198428294	0.0	0.045960187353630014	0.013148283418553692	0.00034328870580157915	0.0	0.041163946061036155	0.04374999999999993	0.05369843527738278	0.06774960380348659	0.09450945094509475	0.042109929078014224	0.008914525432616675	0.04504114335210044	0.0015122187273167195	0.007900280898876412	0.04475146418381141	0.06364686692945487	0.00934065934065934	0.060354970335694896	0.016227043572200128	0.0013152702880441936	0.047922153936201646	0.005804156524995317	0.036815219305971356	0.08495195833254945	0.010102249488752563	0.010869565217391302	0.04862393387848415	0.06622516556291388	0.031882577840626376	0.011798376847561803
k__Bacteria;p__Firmicutes;c__;o__;f__;g__	9.899029895070283e-05	0.0	0.0	0.0	0.001383508577753182	0.0	0.0	0.0006212466349140609	0.0	0.0	0.0	0.0	0.0	0.0	0.0	0.0	0.0007033173133278631	0.0010466637592673354	0.0	0.011389521640091115	0.001258836060811465	0.0	0.005927096710461326	0.0	0.0	0.0	0.0	0.0	0.0	0.0	0.0	0.00022527596305474206	0.0	0.001800720288115246	0.0002678810608090008	0.0	0.005905756558498074	0.0	0.0024813895781637717	0.0	0.0	0.0	0.0	0.0	0.0	0.0	0.0	0.0	0.0	0.0	0.0	0.0	0.0	0.0	0.0	0.0	0.0008786960151135715	0.0009456264775413712	0.0	0.0	0.002564102564102564	0.0	0.0	0.0010015579790785664	0.009783480352846832	0.0	0.0012522768670309658	0.0022735101619014817	0.002475393410738492	0.0	0.0	5.525472427892585e-05	0.0032451599626410863	0.0026555965935105763	0.0010030593309594265	0.002188124696093793	0.0004525296406914653	0.0002927400468384075	0.0009847365829640572	0.0	0.0	0.0	0.0	0.0	0.0	0.0	0.00035486160397445	0.0	0.0	0.0	0.0	0.0	0.0	0.0	0.0	0.0	0.0001501726986033939	0.0	0.0014128728414442699	0.0049315342829248775	0.0025657184011523217	0.0	0.0009755145839430297	0.020127316981838603	0.002642240620045799	0.003572570182201079	0.0006134969325153374	0.0	0.04528268706585774	0.057203186486227076	0.0	0.0
k__Bacteria;p__Firmicutes;c__Bacilli;o__Bacillales;f__Staphylococcaceae;g__Staphylococcus	0.0	0.0	0.0	0.0	0.0	0.0	0.0	0.0	0.0	0.0	0.0	0.0	0.0	0.0	0.0	0.0	0.0	0.0	0.0	0.0	0.0	0.0	0.0	0.0008771448933720739	0.0001272021878776315	0.0	0.002693723623956182	7.727378100610463e-05	0.00029333255111319706	0.0	0.0	0.0031538634827663887	9.509771290000475e-05	0.0	0.0	0.0	0.0	0.0	0.0	0.0	0.0	0.0	0.0	0.0	0.0	0.0	0.0	0.0	0.0	0.0	0.0	0.0	0.0	0.0	0.0	0.0	0.0	0.0	0.0	0.0	0.0	0.0	0.0	0.0	0.0	0.0	0.0	0.0	0.0	0.0	0.0	0.0	0.0	0.0	0.0	0.0	0.0	0.0	0.0	0.0	0.0	0.0	0.0	0.0	0.0	0.0	0.0	0.0	0.0	0.0	0.0	0.0	0.0	0.0	0.0	0.0	0.0	0.0	0.0	0.0	0.0	0.0	0.0	0.0	0.0	0.0	0.0	0.0	0.0	0.0	0.0	0.0
k__Bacteria;p__Firmicutes;c__Bacilli;o__Lactobacillales;f__Lactobacillaceae;g__Lactobacillus	0.0	0.0	0.0	0.0	0.0	0.0	0.0	0.0	0.0	0.0	0.0	0.0	0.0	0.0	0.0	0.0	0.0	0.0	0.0	0.0	0.0	0.0	0.0	0.00010964311167150923	0.0	0.0	0.0005387447247912364	7.727378100610463e-05	2.9333255111319702e-05	0.0	0.0	0.0	0.0	0.0	0.0	0.0	0.0	0.0	0.0	0.0	0.0	0.0	0.0	0.0	0.0	0.0	0.0	0.0	0.0	0.0	0.0	0.0	0.0	0.0	0.0	0.0	0.0	0.0	0.0	0.0	0.0	0.0	0.0	0.0	0.0	0.0	0.0	0.0	0.0	0.0	0.0	0.0	0.0	0.0	0.0	0.0	0.0	0.0	0.0	0.0	0.0	0.0	0.0	0.0	0.0	0.0	0.0	0.0	0.0	0.0	0.0	0.0	0.0	0.0	0.0	0.0	0.0	0.0	0.0	0.0	2.250630176449406e-05	0.0	0.0	0.006178618236285339	0.0	0.0	0.0	0.0	0.0	0.0	0.0	0.0
k__Bacteria;p__Firmicutes;c__Bacilli;o__Lactobacillales;f__Streptococcaceae;g__Streptococcus	0.0	0.0	0.0	0.0	0.0	0.0	0.0	0.0	0.0	0.0	0.0	0.0	0.0	0.0	0.0	0.0	0.0	0.0	0.0	0.0	0.0	0.0	0.0	0.0	0.0	0.0	0.0	0.0	0.0	0.0	0.0	0.0	0.0	0.0	0.0	0.0	0.0	0.0	0.0	0.0	0.0	0.0	0.0	0.0	0.0	0.0	0.0	0.0	0.0036789297658862876	0.0	0.0	0.0	0.0	0.0	0.0	0.0	0.0	0.0	0.0	0.0	0.0	0.0	0.0	0.0	0.00048115477145148355	0.0	0.00011384335154826958	0.0	5.893793835091649e-05	0.0	0.0	0.00014734593141046894	0.00037992116635798085	0.0	5.0152966547971315e-05	0.00021611108109568318	4.525296406914653e-05	0.00036592505854800934	0.0005627066188366041	0.0	0.0	0.0	0.0	0.0	0.0	0.0	0.0	0.0	0.0	0.0	0.0	0.0	0.0	0.0	0.0	0.0	0.0	0.0001359249694168819	7.849293563579278e-05	0.008636443287355747	0.0006976953546993161	0.0009469946073918191	0.00012193932299287875	0.06674780003744611	0.0007633139569021196	0.00013162100671267136	0.006175869120654394	0.0	0.0	0.0	0.0	0.0
k__Bacteria;p__Firmicutes;c__Clostridia;o__;f__;g__	0.0	0.0	0.0	0.0	0.0	0.0	0.0	0.0	0.0	0.0	0.0	0.0	0.0	0.0	0.0	0.0	0.0	0.0	0.0	0.0	0.0	0.0	0.0	0.0	0.0	0.0	0.0	0.0	0.0	0.0	0.0	0.0	0.0	0.0	0.0	0.0	0.0026731319159517593	0.0	0.0	0.0	0.0	0.0	0.0	0.0	0.0	0.0	0.0	0.0	0.0	0.0	0.0	0.0	0.0	0.0	0.0	0.0	0.0	0.0	0.0	0.0	0.0	0.0	0.0	0.0	0.0	0.0	0.0	0.0	0.0	0.0	0.0	0.0	0.0	0.0	0.0	0.0	0.0	0.0	0.0	0.0	0.0	0.0	0.0	0.0	0.0	0.0	0.0	0.0	0.0	0.0	0.0	0.0	0.0	0.0	0.0	0.0	0.0	0.0	0.0	0.0	0.0	0.0	0.0	0.0	0.0	0.0	0.0	0.0	0.0	0.0	0.0	0.0
k__Bacteria;p__Firmicutes;c__Clostridia;o__Clostridiales;f__;g__	0.0	0.0	0.0	0.0	0.02075262866629773	0.0	0.0	0.0002070822116380203	0.0011622838878396049	0.0	0.0	0.0	0.0	0.0	0.0	0.0	0.0	0.0	0.0	0.0	0.0	0.0	0.0011854193420922652	0.0	0.0	0.0	0.0	0.0	0.0	0.002054154995331466	0.0	0.0025906735751295338	9.509771290000475e-05	0.001800720288115246	0.002410929547281007	0.0012567024128686327	0.1928384930995899	0.0004873294346978557	0.012406947890818858	0.0	0.0	0.0	0.0	0.002326663564448581	0.0	0.0	0.0	0.0	0.0	0.0	0.0	0.0	0.0	0.0	0.0	0.0	0.0	0.0	0.0	0.0	0.0	0.0	0.0	0.004562653015802359	0.00032076984763432237	0.0004145593234391841	0.001935336976320583	0.00027557698932139166	0.0035362763010549888	0.0	0.00043725404459991256	0.0002762736213946292	0.0003640911177597316	0.0002747168889838527	0.004062390290385677	8.104165541088119e-05	0.001538600778350982	0.001097775175644028	0.0013364282197369346	0.0005309264666843643	0.0	0.0	0.0	0.0	0.0	0.0	0.0	0.0	0.00035561877667140827	0.0003961965134706815	0.0	0.0	0.0	0.0	0.0	0.0	0.0	0.0	0.008398744113029826	0.005795178611660454	0.001755491537630537	6.576351440220966e-05	0.017998244073748903	0.029301628908444104	0.0011743291644647994	0.027264351390481896	0.006666666666666661	0.00010761945759793371	0.022333597115976433	0.02783376523658701	0.0	0.0
k__Bacteria;p__Firmicutes;c__Clostridia;o__Clostridiales;f__Clostridiaceae_1;g__Anaerosporobacter	0.0	0.0	0.0	0.0	0.0	0.0	0.0	0.0	0.0	0.0	0.0	0.0	0.0	0.0	0.0	0.0	0.0	0.0	0.0	0.0	0.0	0.0	0.0	0.0	0.0	0.0	0.0	0.0	0.0	0.0	0.0	0.0	0.0	0.0	0.0	0.0	0.0	0.0	0.0	0.0	0.0	0.0	0.0	0.0	0.0	0.0	0.0	0.0	0.0	0.0	0.0	0.0	0.0	0.0	0.0	0.0	0.0	0.0	0.0	0.0	0.0	0.0	0.0	0.0	0.0	0.0	0.0	0.0	0.0	0.0	0.0	0.0	0.0	0.0	0.0	0.0	0.0	0.0	0.0	0.0	0.0	0.0	0.0	0.0	0.0	0.0	0.0	0.0	0.0	0.0	0.0	0.0	0.0	0.0	0.0	0.0	0.0	0.0	0.0	2.5033168948857236e-05	6.751890529348217e-05	0.0	0.0	9.361542782250516e-05	5.8716458223239976e-05	0.0	0.0001226993865030675	0.0	0.0	0.0	0.0	0.0
k__Bacteria;p__Firmicutes;c__Clostridia;o__Clostridiales;f__Clostridiaceae_1;g__Clostridium_sensu_stricto	0.0	0.0	0.0	0.0	0.0	0.0	0.0	0.0	0.0	0.0	0.0	0.0	0.0	0.0	0.0	0.0	0.0	0.0	0.0	0.0	0.0	0.0	0.0	0.0	0.0	0.0	0.0	0.0	0.0	0.0	0.0	0.0	0.0	0.0	0.0	0.0	0.0	0.0	0.0	0.0	0.0	0.0	0.0	0.0	0.0	0.0	0.0	0.0	0.0	0.0	0.0	0.0	0.0	0.0	0.0	0.0	0.0	0.0	0.0	0.0	0.0	0.0	0.0	0.0	0.0	0.0	0.0	0.0	0.0	0.0	0.0	1.8418241426308618e-05	3.166009719649839e-05	0.0018314459265590184	0.0	0.00035118050678048523	0.0005430355688297583	0.0	0.00021101498206372655	0.0	0.0	0.0	0.0	0.0	0.0	0.0	0.0	0.0	0.0	0.0	0.0	0.0	0.0	0.0	0.0	0.0	0.0	0.0	0.0	0.00012516584474428618	0.0008552394670507744	6.576351440220966e-05	0.0	0.04381202022093241	0.0011156127062415596	0.00045127202301487317	0.002740286298568507	0.0	0.0	0.0	0.0	0.0
k__Bacteria;p__Firmicutes;c__Clostridia;o__Clostridiales;f__Clostridiaceae_1;g__Sarcina	0.0	0.0	0.0	0.0	0.0	0.0	0.0	0.0	0.0	0.0	0.0	0.0	0.0	0.0	0.0	0.0	0.0	0.0	0.0	0.0	0.0	0.0	0.0	0.0	0.0	0.0	0.0	0.0	0.0	0.0	0.0	0.0	0.0	0.0	0.0	0.0	0.0	0.0	0.0	0.0	0.0	0.0	0.0	0.0	0.0	0.0	0.0	0.0	0.0	0.0	0.0	0.0	0.0	0.0	0.0	0.0	0.0	0.0	0.0	0.0	0.0	0.0	0.0	0.0	0.0	0.0	0.0	0.0	0.0	0.0	0.0	0.0	0.0	0.0	0.0	0.0	0.0	0.0	0.0	0.0	0.0	0.0	0.0	0.0	0.0	0.0	0.0	0.0	0.0	0.0	0.0	0.0	0.0	0.0	0.0	0.0	0.0	0.0	0.0	0.007347235086489597	0.0	0.0	0.0	0.0	0.0	0.0	0.0	0.0	0.0	0.0	0.0	0.0
k__Bacteria;p__Firmicutes;c__Clostridia;o__Clostridiales;f__Clostridiales_Incertae_Sedis_XI;g__Peptoniphilus	0.0	0.0	0.0	0.0	0.0	0.0	0.0	0.0	0.0	0.0	0.0	0.0	0.0	0.0	0.0	0.0	0.0	0.0	0.0	0.0	0.0	0.0	0.0	0.0	0.0	0.0	0.0	0.0	0.0	0.0	0.0	0.0	0.0	0.0	0.0	0.0	0.0	0.0	0.0	0.0	0.0	0.0	0.0	0.0	0.0	0.0	0.0	0.0	0.0	0.0	0.0	0.0	0.0	0.0	0.0	0.0	0.0	0.0	0.0	0.0	0.0	0.0	0.0	0.0	0.0	0.0	0.0	0.0	0.0	0.0	0.0	0.0	0.0	0.0	0.0	0.0	0.0	0.0	0.0	0.0	0.0	0.0	0.0	0.0	0.0	0.0	0.0	0.0	0.0	0.0	0.0	0.0	0.0	0.0	0.0	0.0	0.0	0.0	0.0	0.0007259618995168599	0.0	0.0	0.0	0.0	0.0	0.0	0.0	0.0	0.0	0.0	0.0	0.0
k__Bacteria;p__Firmicutes;c__Clostridia;o__Clostridiales;f__Incertae_Sedis_XI;g__Murdochiella	0.0	0.0	0.0	0.0	0.0	0.0	0.0	0.0	0.0	0.0	0.0	0.0	0.0	0.0	0.0	0.0	0.0	0.0	0.0	0.0	0.0	0.0	0.0	0.0	0.0	0.0	0.0	0.0	0.0	0.0	0.0	0.0	0.0	0.0	0.0	0.0	0.0	0.0	0.0	0.0	0.0	0.0	0.0	0.0	0.0	0.0	0.0	0.0	0.0	0.0	0.0	0.0	0.0	0.0	0.0	0.0	0.0	0.0	0.0	0.0	0.0	0.0	0.0	0.0	0.0	0.0	0.0	0.0	0.0	0.0	0.0	0.0	0.0	0.0	0.0	0.0	0.0	0.0	0.0	0.0	0.0	0.0	0.0	0.0	0.0	0.0	0.0	0.0	0.0	0.0	0.0	0.0	0.0	0.0	0.0	0.0	0.0	0.0	0.0	0.0001501990136931434	0.0	0.0	0.0	0.0	0.0	3.76060019179061e-05	0.0	0.0	0.0	0.0	0.0	0.0
k__Bacteria;p__Firmicutes;c__Clostridia;o__Clostridiales;f__Lachnospiraceae;g__	0.0004949514947535142	0.00025793139025019347	0.00037764350453172205	0.00010232272587741738	0.0002767017155506364	0.0004956834235201785	0.0010384215991692627	0.0006212466349140609	0.0	9.937394415184339e-05	0.0	0.0016056518946692357	0.0	0.0018592297476759628	0.0	0.00335946248600224	0.01770015238541789	0.010989969472307019	0.010220376876397317	0.011389521640091115	0.0008715018882540912	0.0015967035797064125	0.01096512891435345	0.00010964311167150923	0.005851300642371049	0.0009354536950420954	8.979078746520607e-05	0.0003863689050305231	2.9333255111319702e-05	0.0	0.0005385029617662897	0.005406623113313809	0.007227426180400362	0.05222088835534214	0.012322528797214039	0.017342493297587133	0.0029839612085042896	0.013157894736842105	0.0024813895781637717	0.0	0.0	0.0	0.0	0.0	0.0	0.0	0.0	0.0	0.011036789297658863	0.0004975124378109452	0.00046533271288971617	0.0	0.0019965772960638907	0.0015282730514518594	0.0008100445524503847	0.0	4.393480075567857e-05	9.456264775413712e-05	0.00041245617653124357	0.0005483959418700301	0.0002564102564102564	4.1631973355537055e-05	7.132158904500393e-05	0.009347874471399956	0.015557337610264635	0.0006632949175026946	0.029826958105646634	6.889424733034792e-05	0.00011787587670183298	0.00043649061545176777	8.745080891998251e-05	0.0018049876597782456	0.0020579063177723978	0.006654253533164428	0.053162144540849623	0.004025068885407105	0.0011313241017286632	0.004317915690866513	0.007807554336357874	0.0	0.0011787819253438114	0.000439029744265174	0.0014637002341920374	0.0	0.00034328870580157915	0.0	0.0	0.0	0.00035561877667140827	0.000792393026941363	0.0	0.0008865248226950354	0.001048767697954903	0.0	6.048874909266876e-05	0.0	0.00420483556089503	0.0017670246024194642	0.0007849293563579278	0.013505394647908436	0.04514764133957495	0.027739050374851908	0.012510974539069356	0.03360793858827931	0.023193000998179766	0.062031100163585914	0.0382822085889572	0.0	0.0	0.0	0.0	0.0
k__Bacteria;p__Firmicutes;c__Clostridia;o__Clostridiales;f__Lachnospiraceae;g__Anaerostipes	0.0	0.0	0.0	0.0	0.0	0.0	0.0	0.0	0.0	0.0	0.0	0.0	0.0	0.0	0.0	0.0	0.005157660297737662	0.0009594417793283908	0.0006387735547748323	0.009111617312072893	0.0005810012588360608	0.0003090394025238218	0.0008890645065691989	0.0002741077791787731	0.00038160656363289447	0.0003118178983473651	0.0	0.0002318213430183139	0.0007333313777829925	0.0	0.0	0.00011263798152737103	0.0009509771290000476	0.005402160864345738	0.0010715242432360033	0.0020945040214477213	0.00018649757553151807	0.003898635477582846	0.004962779156327543	0.0	0.0	0.0	0.0	0.0	0.0	0.0	0.0	0.0	0.0013377926421404682	0.0002487562189054726	0.002326663564448581	0.0	0.000356531660011409	0.0	0.00013500742540839745	0.0	0.0	0.00018912529550827424	0.0005499415687083248	0.00027419797093501506	0.0	8.326394671107411e-05	0.0	0.0	0.00032076984763432237	8.291186468783683e-05	0.0004553734061930783	0.0006200482259731313	0.00011787587670183298	0.0	0.0	0.0006814749327734186	0.001962926026182902	0.000702054271847624	0.004914990721701191	0.0015397914528067428	0.0004977826047606118	0.0019759953161592515	0.005978757825138914	0.0	0.0	0.0	0.0	0.0	0.0	0.0	0.0	0.0	0.0	0.0	0.0	0.0	0.0	0.0	0.0	0.0	0.0018020723832407267	0.0007136060894386299	0.0009419152276295133	0.011728039652539615	0.04627295642779968	0.007681178482178104	0.004194712710955028	0.016850777008050905	0.009277200399271913	0.021397815091288522	0.02204498977505114	0.010761945759793373	0.006858348720654181	0.013820904117477687	0.0002880561447613062	0.0004102913068278478
k__Bacteria;p__Firmicutes;c__Clostridia;o__Clostridiales;f__Lachnospiraceae;g__Blautia	9.899029895070283e-05	0.0004642765024503482	0.0	0.0	0.0	4.130695196001487e-05	0.00017307026652821047	0.0004141644232760406	0.0002905709719599012	0.00029812183245553017	0.001004016064257028	0.0012845215157353885	0.0	0.0011288180610889774	0.00010687186063909372	0.007838745800671893	0.012659711639901535	0.0023549934583515044	0.0038326413286489938	0.02505694760820045	0.0030018398373196473	0.0007983517898532064	0.0011854193420922652	5.4821555835754616e-05	0.0	0.0	0.0	0.00015454756201220925	0.0005866651022263941	0.0	0.0	0.0011263798152737104	0.002900480243450145	0.009603841536614645	0.0034824537905170107	0.007121313672922252	0.0015541464627626509	0.0029239766081871343	0.007444168734491315	0.0	0.0	0.0	0.0	0.0	0.0	0.0	0.0	0.0065485362095531584	0.0013377926421404682	0.0022388059701492534	0.004653327128897162	0.0	0.0016400456360524814	0.0	0.0002700148508167949	0.0	0.0	0.0	0.000343713480442703	0.00013709898546750753	0.0	8.326394671107411e-05	0.0	0.00022256843979523704	0.00016038492381716118	8.291186468783683e-05	0.0	0.0004133654839820875	5.893793835091649e-05	0.00021824530772588389	0.0	0.0029285003867830757	0.0027702585046936123	0.0018619700253350018	0.06585084507748637	0.003944027229996223	0.0015838537424201285	0.009733606557377057	0.02187521980727304	0.00015927794000530925	0.0	0.0	0.001756440281030445	0.0	0.0	0.0	0.0007097232079489	0.0002403846153846154	0.0	0.000792393026941363	0.0	0.0	0.0005243838489774515	0.00043308791684711995	0.0	0.00035112359550561797	0.003303799369274666	6.796248470844094e-05	0.0005494505494505495	0.025909329862067034	0.050841735685991866	0.011942654215441306	0.008633304067895814	0.06815203145478363	0.026892137866243896	0.07410262677923368	0.05803680981595121	0.0077486009470512235	0.015475248395322258	0.03637585180919475	0.0026317856862282983	0.004343083589348438
k__Bacteria;p__Firmicutes;c__Clostridia;o__Clostridiales;f__Lachnospiraceae;g__Clostridium_XlVa	0.0	0.0	0.0	0.0	0.0	0.0	0.0	0.0	0.0	0.0	0.0	0.0	0.0	0.0	0.0	0.0	0.0011721955222131052	0.0006105538595726123	0.00031938677738741617	0.0	9.683354313934346e-05	0.00010301313417460727	0.0007902795613948434	0.0	0.0	0.0	0.0	0.0	0.0	0.0	0.0	0.00011263798152737103	0.00014264656935000713	0.0030012004801920765	0.0	0.0006702412868632708	0.0007459903021260724	0.0014619883040935672	0.0	0.0	0.0	0.0	0.0	0.0	0.0	0.0	0.0	0.0	0.0	0.0	0.0	0.0	0.0	0.0	0.0	0.0	0.0	0.0	0.0	0.0	0.0	0.0	0.0	0.0010015579790785666	0.0016038492381716118	0.0002487355940635105	0.010245901639344263	6.889424733034792e-05	0.0	0.00021824530772588389	0.0	0.0010314215198732825	0.00041158126355447924	0.000702054271847624	0.0006018355985756558	2.7013885136960397e-05	0.0	0.00014637002341920375	0.0004220299641274531	0.00010618529333687285	0.0	0.0	0.0	0.0	0.0	0.0	0.0	0.0	0.0	0.0	0.0	0.0	0.0	0.0	0.0	0.0	0.0006006907944135756	0.00016990621177110236	0.0	0.0006133126392470025	0.0022956427799783936	0.0	0.000756023802555848	0.0002808462834675155	0.0003522987493394398	0.0013538160690446197	0.012924335378323108	0.00021523891519586742	0.0006154928339048624	0.0010557635089739898	0.00020949537800822268	5.003552522290826e-05
k__Bacteria;p__Firmicutes;c__Clostridia;o__Clostridiales;f__Lachnospiraceae;g__Clostridium_XlVb	0.0	0.0	0.0	0.0	0.0	0.0	0.0	0.0	0.0	0.0	0.0	0.0	0.0	0.0	0.0	0.0	0.0	0.0	0.0	0.0	0.0	0.0	0.0	0.0	0.0	0.0	0.0	0.0	0.0	0.0	0.0	0.0	0.0	0.0	0.0	0.0	0.0	0.0	0.0	0.0013688212927756654	0.0	0.0	0.0	0.0	0.0	0.0	0.0008833922261484099	0.0	0.0	0.0	0.0	0.0	0.0	0.0	0.0	0.0	0.0	0.0	0.0	0.0	0.0	0.0	0.0	0.0	0.0	0.0	0.0	0.0	0.0	0.0	0.0	0.00011050944855785169	3.166009719649839e-05	0.0	0.00015045889964391396	0.00010805554054784159	0.0	7.318501170960187e-05	0.00014067665470915102	0.0	0.0	0.0	0.0	0.0	0.0	0.0	0.0	0.0	0.0	0.0	0.0	0.0	0.0	0.0	0.0	0.0	0.0	0.0	0.0	0.0	0.0009002520705797622	0.0	0.00017071505219003023	0.0	0.0	0.0010341650527424177	0.0008588957055214724	0.0	0.0	0.0	0.0	0.0
k__Bacteria;p__Firmicutes;c__Clostridia;o__Clostridiales;f__Lachnospiraceae;g__Coprococcus	0.0	0.0	0.0	0.0	0.0	0.0	0.0	0.0	0.0	0.0	0.0	0.0	0.0	0.0	0.0	0.0	0.002930488805532763	0.0032272132577409506	0.005748961992973491	0.00683371298405467	0.0	0.0	0.000691494616220488	0.0	0.0	0.0	0.0	0.0	0.0	0.0	0.0	0.0027033115566569045	0.0	0.0	0.0	0.0	0.00012433171702101205	0.0	0.004962779156327543	0.0	0.0	0.0	0.0	0.0	0.0	0.0	0.0	0.0	0.015050167224080268	0.0	0.0	0.0	0.0	0.0	0.0	0.0	0.0	0.0	0.0	0.0	0.0	0.0	0.0	0.0	0.0048115477145148355	0.0	0.000569216757741348	0.0	5.893793835091649e-05	0.0	0.0	0.00014734593141046894	0.0003166009719649839	0.00036628918531180367	0.0017553538291789964	0.0003241666216435248	4.525296406914653e-05	7.318501170960187e-05	0.0008440599282549061	0.0	0.0	0.0	0.0	0.0	0.0	0.0	0.0	0.0	0.0	0.0	0.0	0.0	0.0	0.0	0.0	0.0	0.0	0.0	0.0	0.003504643652840014	0.0036010082823190485	0.001104827041957122	0.0003658179689786362	0.005148848530237782	0.0031119722858317196	0.0061861873154955525	0.0033537832310838443	0.0	0.000703420381605557	0.0006718495057107208	0.0	0.0
k__Bacteria;p__Firmicutes;c__Clostridia;o__Clostridiales;f__Lachnospiraceae;g__Dorea	0.0	0.0	0.0	0.0	0.0	0.0	0.0	0.0	0.0	0.0	0.0	0.0	0.0	0.0	0.0	0.0	0.002696049701090142	0.0005233318796336677	0.00031938677738741617	0.002277904328018223	0.001258836060811465	0.0	0.0004939247258717772	0.0	0.0	0.0	0.0	0.0	0.0	0.0	0.0	0.00022527596305474206	0.0	0.003601440576230492	0.0010715242432360033	0.0	0.0001864975755315181	0.0004873294346978557	0.0024813895781637717	0.0	0.0	0.0	0.0	0.0	0.0	0.0	0.0	0.0	0.0	0.0	0.0	0.0	0.0	0.0	0.0	0.0	0.0	0.0	0.0	0.0	0.0	0.0	0.0	0.0	0.0	0.0	0.0	0.0	0.0	0.0	0.0	0.0005525472427892583	0.0008389925757072081	0.0002747168889838527	0.002407342394302624	0.0008644443243827325	0.00013575889220743959	0.0004391100702576112	0.0016177815291552376	0.0	0.0	0.0	0.0	0.0	0.0	0.0	0.0	0.0	0.0	0.0	0.0	0.0	0.0	0.0	0.0	0.0	0.0	0.0	0.0	0.0026910656620021548	0.006594346416996756	0.0	0.0008779631255487268	0.010016850777008045	0.00522576478186836	0.007991275407555044	0.0081799591002045	0.0	0.0	0.0	0.0	0.0
k__Bacteria;p__Firmicutes;c__Clostridia;o__Clostridiales;f__Lachnospiraceae;g__Hespellia	0.0	0.0	0.0	0.0	0.0	0.0	0.0	0.0	0.0	0.0	0.0	0.0	0.0	0.0	0.0	0.0	0.0	0.0	0.0	0.0	0.0	0.0	0.0	0.0	0.0	0.0	0.0	0.0	0.0	0.0	0.0	0.0	0.0	0.0	0.0	0.0	0.0	0.0	0.0	0.0	0.0	0.0	0.0	0.0	0.0	0.0	0.0	0.0	0.0	0.0	0.0	0.0	0.0	0.0	0.0	0.0	0.0	0.0	0.0	0.0	0.0	0.0	0.0	0.0	0.0	0.0	0.0	0.0	0.0	0.0	0.0	0.0	0.0	0.0	0.0	0.0	0.0	0.0	0.0	0.0	0.0	0.0	0.0	0.0	0.0	0.0	0.0	0.0	0.0	0.0	0.0	0.0	0.0	0.0	0.0	0.0	0.0	0.0	0.0	5.006633789771447e-05	0.00018005041411595248	0.0	0.0	0.0	0.0	3.76060019179061e-05	0.0	0.0	0.0	0.0	0.0	0.0
k__Bacteria;p__Firmicutes;c__Clostridia;o__Clostridiales;f__Lachnospiraceae;g__Lachnospiracea_incertae_sedis	0.0032666798653731934	0.00041269022440030954	0.0015105740181268882	0.00010232272587741738	0.0038738240177089095	0.0023131893097608327	0.00017307026652821047	0.0008283288465520812	0.0004358564579398518	0.00029812183245553017	0.0050200803212851405	0.010597302504816955	0.0005290605396417505	0.0007968127490039841	0.00010687186063909372	0.0022396416573348264	0.011135857461024497	0.01726995202791103	0.011178537208559566	0.002277904328018223	0.0010651689745327783	0.0004120525366984291	0.040896967302183146	0.0	0.0	0.0006236357966947302	0.0	0.00100455915307936	0.0	0.00018674136321195143	0.0	0.011601712097319214	0.0008083305596500405	0.01020408163265306	0.0053576212161800165	0.07297252010723863	0.005532761407435038	0.020955165692007796	0.009925558312655087	0.0	0.0	0.0007137758743754461	0.0	0.00023266635644485808	0.0	0.0	0.001177856301531213	0.0007704160246533128	0.001003344481605351	0.001990049751243781	0.004187994416007446	0.0008703220191470845	0.0005704506560182545	0.0010188487009679063	0.0	0.0	0.0047010236808576085	0.0021749408983451532	0.0	0.0	0.0002564102564102564	0.00016652789342214822	0.0	0.001112842198976185	0.0016038492381716118	0.0004145593234391841	0.00796903460837887	0.0003444712366517396	0.00011787587670183298	0.00043649061545176777	0.00017490161783996502	0.005912255497845069	0.0024536575327286266	0.005616434174780988	0.00596820301920859	0.0020530552704089906	0.00027151778441487917	0.005488875878220142	0.0032355630583104735	0.0005840191133528007	0.0	0.001317089232795522	0.001756440281030445	0.0	0.0044627531754205295	0.00219941348973607	0.0010645848119233499	0.0	0.00817923186344239	0.01822503961965135	0.0012001200120012002	0.0017730496453900709	0.002097535395909806	0.006929406669553919	0.00012097749818533752	0.001053370786516854	0.005706562546928968	0.0013592496941688189	7.849293563579278e-05	0.015533081332765902	0.011298163485776011	0.005208470340655012	0.008779631255487268	0.01956562441490356	0.00522576478186836	0.015324445781546719	0.009406952965235173	0.005273353422298751	0.02796096016882089	0.044150110375275976	0.00013093461125513917	0.0002101492059362147
k__Bacteria;p__Firmicutes;c__Clostridia;o__Clostridiales;f__Lachnospiraceae;g__Oribacterium	0.0	0.0	0.0	0.0	0.0	0.0	0.0	0.0	0.0	0.0	0.0	0.0	0.0	0.0	0.0	0.0	0.0	0.0	0.0	0.0	0.0	0.0	0.0	0.0	0.0	0.0	0.0	0.0	0.0	0.0	0.0	0.0	0.0	0.0	0.0	0.0	0.0	0.0	0.0	0.0	0.0	0.0	0.0	0.0	0.0	0.0	0.0	0.0	0.0	0.0	0.0	0.0	0.0	0.0	0.0	0.0	0.0	0.0	0.0	0.0	0.0	0.0	0.0	0.0	0.0	0.0	0.0	0.0	0.0	0.0	0.0	0.0	1.5830048598249197e-05	3.0524098775983637e-05	0.0	0.0	0.0	7.318501170960187e-05	0.0	0.0	0.0	0.0	0.0	0.0	0.0	0.0	0.0	0.0	0.0	0.0	0.0	0.0	0.0	0.0	0.0	0.0	0.0	0.0	0.0	2.5033168948857236e-05	9.002520705797624e-05	0.0	0.0	0.0	0.0	0.0	0.00028629856850715746	0.0	0.0	0.0	0.0	0.0
k__Bacteria;p__Firmicutes;c__Clostridia;o__Clostridiales;f__Lachnospiraceae;g__Roseburia	0.0022767768758661664	0.008511735878256392	0.022280966767371613	0.0	0.006640841173215277	0.0010739807509603867	0.003807545863620631	0.029819838475874934	0.08092401569083232	0.13127298022458575	0.02610441767068272	0.14482980089916492	0.00030232030836671456	0.0799468791500662	0.016565138399059546	0.3113101903695405	0.29738600398546444	0.0184038377671173	0.09006707122325115	0.02050113895216401	0.01897937445531133	0.007622971928920943	0.027659784648819522	0.06167425031522393	0.012593016599885515	0.020579981290926103	0.00754242614707731	0.016227494011281957	0.006687982165380888	0.0026143790849673205	0.002557889068389876	0.007546744762333859	0.010746041557700538	0.20948379351740706	0.1470667023841414	0.07691018766756028	0.009138381201044384	0.05214424951267056	0.014888337468982629	0.0063878326996197705	0.0015071842449006934	0.02926481084939329	0.0012618908949718502	0.00023266635644485808	0.0015857733476808064	0.00010577533319229955	0.0017667844522968198	0.07473035439137134	0.02709030100334449	0.01666666666666667	0.030711959050721264	0.01145923991876994	0.01119509412435824	0.0020376974019358125	0.005805319292561088	0.043201696262920766	0.00948991696322655	0.02969267139479919	0.09376503746476918	0.03358925143953948	0.005384615384615382	0.2534554537885089	0.04928321803009788	0.00011128421989761852	0.002566158781074579	8.291186468783683e-05	0.000569216757741348	6.889424733034792e-05	0.0012966346437201627	0.0006547359231776517	0.00043725404459991256	0.019320735256197808	0.04017666334235628	0.08345288605353898	0.010281358142334125	0.04324923010427362	0.036428636075662955	0.056864754098360705	0.07695013012590643	0.009822139633660732	0.0007858546168958742	0.003951267698386566	0.11153395784543335	0.003652300949598247	0.0164778578784758	0.0008378718056137411	0.053229240596167446	0.010576923076923076	0.16963015647226162	0.053090332805071354	0.038103810381038154	0.06117021276595752	0.639748295752493	0.029883066262451307	0.010706508589402386	0.0	0.03919507433548584	0.0	0.0009419152276295133	0.059015695796930785	0.008192293842275824	0.03027752203077686	0.0448492829967811	0.059445796667290635	0.10445657917914299	0.055638079837541814	0.294274028629854	0.22449418854929012	0.01916820539875145	0.04856512141280351	0.002409196847094564	0.00812576929620031
k__Bacteria;p__Firmicutes;c__Clostridia;o__Clostridiales;f__Lachnospiraceae;g__Ruminococcus2	0.0	0.0	0.0	0.0	0.0	0.0	0.0	0.0	0.0	0.0	0.0	0.0	0.0	0.0	0.0	0.0	0.003985464775524557	0.0006105538595726123	0.0012775471095496647	0.00683371298405467	0.00019366708627868693	5.1506567087303634e-05	0.0011854193420922652	0.0	6.360109393881575e-05	0.0	0.0	0.0004636426860366278	5.8666510222639404e-05	0.0	0.00013462574044157243	0.0	0.030764110123151528	0.014405762304921967	0.0021430484864720066	0.004524128686327079	0.00018649757553151807	0.01949317738791423	0.0024813895781637717	0.0033460076045627378	0.006196201895702851	0.0	0.00019413706076490002	0.0	0.0	0.0002115506663845991	0.0	0.0003852080123266564	0.001003344481605351	0.0009950248756218905	0.0013959981386691485	0.0	0.0	0.0	0.0004050222762251924	0.0	0.0	0.0	0.0	0.0	0.0	0.0	0.0	0.0	0.0	0.0	0.0	0.0	0.0	0.0	0.0	0.0005157107599366412	0.0010606132560826967	0.00039681328408778724	0.002307036461206681	0.0005943054730131287	4.525296406914653e-05	0.0005122950819672131	0.0011957515650277838	0.00015927794000530925	0.0	0.0	0.0	0.0	0.0	0.0	0.0	0.0	0.0	0.0	0.0	0.0	0.0	0.0	0.0	0.0	0.0012013815888271512	0.0	0.0	0.013079830775777908	0.012355959668707233	0.0017756148888596608	0.0010730660423373328	0.007302003370155403	0.0038752862427338395	0.011751875599345651	0.009979550102249487	0.003981919931123547	0.0010551305724083354	0.001535656013053076	0.0001964019168827088	9.006394540123487e-05
k__Bacteria;p__Firmicutes;c__Clostridia;o__Clostridiales;f__Peptostreptococcaceae;g__	0.0	0.0	0.0	0.0	0.0	0.0	0.0	0.0	0.0	0.0	0.0	0.0	0.0	0.0	0.0	0.0	0.0	0.0	0.0	0.0	0.0	0.0	0.0	0.0	0.0	0.0	0.0	0.0	0.0	0.0	0.0	0.0	0.0	0.0	0.0	0.0	0.0	0.0	0.0	0.0	0.0	0.0	0.0	0.0	0.0	0.0	0.0	0.0	0.0	0.0	0.0	0.0	0.0	0.0	0.0	0.0	0.0	0.0	0.0	0.0	0.0	0.0	0.0	0.0	0.0	0.0	0.001138433515482696	0.0	0.0	0.0	0.0	0.0	1.5830048598249197e-05	6.104819755196727e-05	0.00030091779928782786	8.104165541088119e-05	0.0	0.0	0.0004923682914820286	0.0	0.0	0.0	0.0	0.0	0.0	0.0	0.0	0.0	0.0	0.0	0.0	0.0	0.0	0.0	0.0	0.0	0.0	0.0	0.0	0.0	6.751890529348219e-05	9.206892016309352e-05	0.00017071505219003023	0.0003744617112900206	0.0	0.0001504240076716244	0.0017177914110429447	0.0	0.0	0.0	0.0	0.0
k__Bacteria;p__Firmicutes;c__Clostridia;o__Clostridiales;f__Peptostreptococcaceae;g__Clostridium_XI	0.0	0.0	0.0	0.0	0.0	0.0	0.0	0.0	0.0	0.0	0.0	0.0	0.0	0.0	0.0	0.0	0.0016410737310983473	0.00017444395987788923	0.0019163206643244969	0.002277904328018223	0.001258836060811465	0.0	0.00019756989034871086	0.0	0.0	0.0	0.0	0.0	0.0	0.0	0.0	0.0	0.0	0.0	0.0	0.00025134048257372655	6.216585851050602e-05	0.004873294346978557	0.0	0.0	0.0	0.0	0.0	0.0	0.0	0.0	0.0	0.0	0.0	0.0	0.0	0.0	0.0	0.0	0.0	0.0	0.0	0.0	0.0	0.0	0.0	0.0	0.0	0.0	0.00048115477145148355	0.0	0.00284608378870674	6.889424733034792e-05	0.0	0.0	0.0	0.0	0.00039575121495622997	9.157229632795092e-05	5.0152966547971315e-05	0.0022961802366416343	9.050592813829306e-05	0.0	0.00021101498206372655	0.0	0.0	0.0	0.0	0.0	0.0	0.0	0.0	0.0	0.0	0.0	0.0	0.0	0.0	0.0	0.0	0.0	0.0	3.398124235422047e-05	0.0	0.0046311362555385895	0.0006526827511703277	0.003038274365382086	4.87757291971515e-05	0.012544467328215686	0.00158534437202748	0.0003760600191790609	0.002985685071574642	0.0	0.0	0.0	0.0	0.0
k__Bacteria;p__Firmicutes;c__Clostridia;o__Clostridiales;f__Ruminococcaceae;g__	0.00019798059790140566	0.00015475883415011607	0.0	0.0	0.0002767017155506364	0.0	0.0	0.0	0.0027604242336190603	0.01510483951108019	0.010040160642570281	0.007385998715478484	0.0013604413876502153	0.00019920318725099602	0.0	0.0011198208286674132	0.010549759699917945	0.00793720017444396	0.004471414883423826	0.0296127562642369	0.01200735934927859	0.0	0.015904376173071225	0.0	0.0	0.0012472715933894605	0.0008979078746520607	0.0007727378100610462	0.0015253292657886246	0.002987861811391223	0.0	0.004054967334985357	4.7548856450002375e-05	0.0234093637454982	0.01687650683096705	0.0016756032171581768	0.013552157155290316	0.0	0.014888337468982629	0.031787072243346	0.006698596644003081	0.03640256959314776	0.0054358377014172	0.01931130758492322	0.004247607181287875	0.0008990903321345462	0.0	0.09360554699537749	0.008361204013377926	0.029850746268656726	0.004187994416007446	0.031041485349579342	7.13063320022818e-05	0.0	0.0	0.0	0.0018013268309828216	0.0022695035460992908	0.0	0.0	0.0	0.0	0.0	0.005898063654573782	0.009141940657578188	0.004560152557831026	0.04155282331511845	0.0	0.0005893793835091649	0.00043649061545176777	0.000524704853519895	0.01688952738792505	0.03226163904323174	0.011232868349562003	0.029339485430563233	0.004376249392187589	0.0070594623947868584	0.09645784543325495	0.10698459590630974	0.000371648526679055	0.0	0.0	0.0	0.0007304601899196494	0.0	0.0003142019271051529	0.0	0.0004807692307692308	0.004623044096728307	0.004358161648177496	0.0012001200120012002	0.0022163120567375884	0.004195070791819612	0.00043308791684711995	0.0	0.0	0.0	0.16990621177110224	0.010125588697017266	0.09565173855358375	0.06670867842996005	0.00011837432592397738	0.022900204858062677	0.12975098296199206	0.04157125242205387	0.06752157644360013	0.008507157464212673	0.03895824365045201	0.029016090741229246	0.034072367789615116	0.009466572393746571	0.011678291587026796
k__Bacteria;p__Firmicutes;c__Clostridia;o__Clostridiales;f__Ruminococcaceae;g__Acetanaerobacterium	0.0	0.0	0.0	0.0	0.0	0.0	0.0	0.0	0.0	0.0	0.0	0.0	0.0	0.0	0.0	0.0	0.0	0.0	0.0	0.0	0.0	0.0	0.0	0.0	0.0	0.0	0.0	0.0	0.0	0.0	0.0	0.0	0.0	0.0	0.0	0.0	0.0	0.0	0.0	0.0	0.0	0.0	0.0	0.0	0.0	0.0	0.0	0.0	0.0	0.0	0.0	0.0	0.0	0.0	0.0	0.0	0.0	0.0	0.0	0.0	0.0	0.0	0.0	0.0	0.0	0.0	0.0	0.0	0.0	0.0	0.0	0.00014734593141046894	0.00023745072897373795	0.000427337382863771	0.0003009177992878279	0.0	4.525296406914653e-05	0.0	0.0	0.0	0.0	0.0	0.0	0.0	0.0	0.0	0.0	0.0	0.0	0.0	0.0	0.0	0.0	0.0	0.0	0.0	0.0	0.0	0.0	8.761609132100032e-05	0.00020255671588044653	0.0	0.0	0.0	0.00011743291644647995	0.00013162100671267133	0.0006543967280163599	0.0	0.0	0.0	0.0	0.0
k__Bacteria;p__Firmicutes;c__Clostridia;o__Clostridiales;f__Ruminococcaceae;g__Butyricicoccus	0.0	0.0	0.0	0.0	0.0	0.0	0.0	0.0	0.0	0.0	0.0	0.0	0.0	0.0	0.0	0.0	0.0	0.0	0.0	0.0	0.0	0.0	0.0	0.0	0.0	0.0	0.0	0.0	0.0	0.0	0.0	0.0	0.0	0.0	0.0	0.0	0.0	0.0	0.0	0.0	0.0	0.0	0.0	0.0	0.0	0.0	0.0	0.0	0.0	0.0	0.0	0.0	0.0	0.0	0.0	0.0	0.0	0.0	0.0	0.0	0.0	0.0	0.0	0.0	0.0	0.0	0.0	0.0	0.0	0.0	0.0	3.6836482852617235e-05	3.166009719649839e-05	6.104819755196727e-05	5.0152966547971315e-05	5.4027770273920795e-05	0.0	7.318501170960187e-05	0.00014067665470915102	0.0	0.0	0.0	0.0	0.0	0.0	0.0	0.0	0.0	0.0	0.0	0.0	0.0	0.0	0.0	0.0	0.0	0.0	0.0	0.0	6.258292237214309e-05	0.00013503781058696435	0.00014467973168486123	9.7551458394303e-05	0.00046807713911252576	0.00011743291644647995	0.000376060019179061	0.0005316973415132924	0.0	0.0	0.0	0.0	0.0
k__Bacteria;p__Firmicutes;c__Clostridia;o__Clostridiales;f__Ruminococcaceae;g__Clostridium_IV	0.0	0.0	0.0	0.0	0.0	0.0	0.0	0.0	0.0	0.0	0.0	0.0	0.0	0.0	0.0	0.0	0.00011721955222131051	0.010728303532490187	0.0025550942190993293	0.004555808656036446	9.683354313934346e-05	0.0013134174607262426	0.002667193519707597	0.0	0.0	0.0	0.0	0.0	0.0	0.0	0.0	0.0	0.0	0.003001200480192077	0.001607286364854005	0.007791554959785523	6.216585851050602e-05	0.0	0.0024813895781637717	0.00623574144486692	0.0	0.0	0.0	0.00046533271288971617	0.0	0.0	0.0	0.0	0.0	0.0	0.0	0.0	0.0	0.0	0.0	0.0	0.002943631650630465	0.001702127659574468	0.0	0.0	0.0	0.0	0.0	0.0	0.0	0.0	0.0	0.0	0.0	0.0	0.0	0.001933915349762405	0.0003166009719649839	0.0006715301730716401	0.006921109383620042	8.104165541088119e-05	0.00040727667662231876	0.0015368852459016393	0.0015474432018006612	0.0	0.0	0.0	0.0	0.0	0.0	0.0	0.0	0.0	0.0	0.0	0.0	0.0	0.0	0.0	0.0	0.0	0.0001501726986033939	0.0	0.0	0.0014769569679825773	0.006436802304645301	0.0002762067604892806	0.0011218417715344842	0.0002808462834675154	0.0003522987493394398	0.0010717710546603238	0.00032719836400817994	0.0	0.0	0.0	0.0	0.0
k__Bacteria;p__Firmicutes;c__Clostridia;o__Clostridiales;f__Ruminococcaceae;g__Faecalibacterium	0.017125321718471587	0.010317255610007754	0.006042296072507554	0.0007162590811419216	0.011621472053126736	0.007807013920442803	0.0008653513326410524	0.014495754814661426	0.012639837280255714	0.008645533141210372	0.01706827309236948	0.022157996146435432	0.005517345627692542	0.02636122177954847	0.005022977450037402	0.025755879059350503	0.016527956863204782	0.02049716528565198	0.020440753752794635	0.04100227790432801	0.01326619541009006	0.0003605459696111254	0.029240343771609202	0.020558083438407974	0.009603765184761179	0.018085438104147183	0.004669120948190716	0.011359245807897374	0.002434660174239535	0.005228758169934642	0.0037695207323640277	0.08875872944356841	0.14854262754980763	0.13025210084033614	0.04312885079024917	0.08143431635388737	0.014608976749968897	0.03654970760233918	0.014888337468982629	0.0073003802281368805	0.007000033492983216	0.010706638115631693	0.009027373325567849	0.002791996277338297	0.0014725038228464628	0.0009519779987306957	0.002502944640753828	0.3235747303543931	0.06521739130434762	0.20298507462686396	0.06049325267566317	0.235277052509428	0.19766115231032386	0.22159959246052033	0.38517618469015485	0.11290750066260266	0.01792539870831684	0.006146572104018911	0.01020829036914828	0.009185632026323005	0.004615384615384614	0.002622814321398836	0.016689251836530923	0.0024482528377476067	0.01748195669607057	0.006550037310339107	0.01218123861566485	0.007716155700998969	0.007720869923970052	0.026844172850283725	0.003672933974639263	0.005378126496482132	0.01260071868420629	0.01883336894478203	0.01865690355584534	0.020638608244637587	0.00782876278396235	0.02349238875878222	0.027853977632412055	0.0048845234934961484	0.00943025540275049	0.024146635934584545	0.0304449648711944	0.010956902848794742	0.056985925163062105	0.005760368663594467	0.07203690560681332	0.006730769230769231	0.02169274537695591	0.07527733755942952	0.012001200120012	0.07313829787234043	0.014158363922391184	0.022087483759203115	0.00332688120009678	0.0	0.018921760024027633	0.015631371482941418	0.02056514913657771	0.029914636893884104	0.06457057976233313	0.04049717216888044	0.05757974831723771	0.16317169069462698	0.14103693265222242	0.057217531918093895	0.09398773006135043	0.024429616874730956	0.024180075617691057	0.028217679239850295	0.012609003063869912	0.007345215102722933
k__Bacteria;p__Firmicutes;c__Clostridia;o__Clostridiales;f__Ruminococcaceae;g__Flavonifractor	0.0	0.0	0.0	0.0	0.0	0.0	0.0	0.0	0.0	0.0	0.0	0.0	0.0	0.0	0.0	0.0	0.0	0.0	0.0	0.0	0.00019366708627868693	0.00010301313417460727	9.878494517435543e-05	0.0	0.0	0.0	0.0	0.0	0.0	0.0	0.0	0.0	0.0	0.0	0.0	0.0	0.0	0.0	0.0	0.0	0.0	0.0	0.0	0.0	0.0	0.0	0.0	0.0	0.0	0.0	0.0	0.0	0.0	0.0	0.0	0.0	0.0	0.0	0.0	0.0	0.0	0.0	0.0	0.0	0.0	0.0	0.0	0.0	0.0	0.0	0.0	1.8418241426308618e-05	0.0	0.0	0.00010030593309594263	5.4027770273920795e-05	0.0	0.0	0.00014067665470915102	0.0	0.0	0.0	0.0	0.0	0.0	0.0	0.0	0.0	0.0	0.0	0.0	0.0	0.0	0.0	0.0	0.0	0.0006006907944135756	0.0	0.0	0.00011264926026985756	4.501260352898812e-05	0.00028935946336972247	0.00012193932299287875	0.0	0.0	3.76060019179061e-05	0.00020449897750511245	0.0	8.792754770069463e-05	0.0	1.3093461125513919e-05	0.00035024867656035787
k__Bacteria;p__Firmicutes;c__Clostridia;o__Clostridiales;f__Ruminococcaceae;g__Gemmiger	9.899029895070283e-05	0.00036110394635027087	0.0	0.0	0.001383508577753182	0.0	0.0	0.0002070822116380203	0.0	0.0016893570505813374	0.001004016064257028	0.0012845215157353885	0.0006046406167334291	0.0013280212483399733	0.00010687186063909372	0.006718924972004479	0.0	0.00113388573920628	0.00031938677738741617	0.00683371298405467	0.00019366708627868693	0.0	0.0003951397806974217	0.008278054931198946	0.009858169560516442	0.0006236357966947302	8.979078746520607e-05	0.0007727378100610464	0.0009679974186735502	0.0020541549953314656	0.0047119009154550345	0.0013516557783284523	0.023679330512101183	0.0	0.0010715242432360033	0.0	0.0003729951510630362	0.0	0.012406947890818858	0.10053231939163475	0.09344542318384291	0.0	0.00048534265191225003	0.013029315960912042	0.0022653904966868656	0.010471757986037647	0.002061248527679623	0.0003852080123266564	0.007357859531772575	0.0007462686567164178	0.00046533271288971617	0.0005802146794313896	0.0	0.0	0.0	0.0	0.0	0.0	0.0	0.0	0.0	0.0	0.0	0.0	0.023576583801122694	0.003731033910952658	0.003984517304189435	0.0005511539786427833	0.001650262273825662	0.008293321693583587	8.745080891998251e-05	1.8418241426308618e-05	0.0031818397682480903	0.0011599157534873783	0.0	0.00024312496623264364	0.0	0.0013905152224824356	0.0012660898923823596	0.0011149455800371648	0.0003929273084479371	0.0001097574360662935	0.000585480093676815	0.0014609203798392988	0.00034328870580157915	0.0	0.0	0.0	0.0035561877667140826	0.0003961965134706815	0.0009000900090009002	0.0008865248226950354	0.0026219192448872575	0.0030316154179298397	0.0	0.0	0.0	0.0010194372706266142	0.0003139717425431711	0.0009512604200565753	0.0018680230464530078	0.0	0.001048678177738757	0.013761467889908249	0.0024073747871528398	0.0008273320421939339	0.000899795501022495	0.015389582436504508	0.03358832322166539	0.10058546885497642	0.002016393013329143	0.008405968237448585
k__Bacteria;p__Firmicutes;c__Clostridia;o__Clostridiales;f__Ruminococcaceae;g__Oscillibacter	0.0	0.0	0.0	0.0	0.0005534034311012728	0.0	0.0	0.0016566576931041624	0.000726427429899753	0.00029812183245553017	0.0	0.0	0.0	0.0	0.0	0.0	0.00011721955222131051	0.0	0.00031938677738741617	0.0	0.0008715018882540913	0.0	9.878494517435543e-05	0.0	0.0	0.0	0.0	0.0	0.0	0.0	0.0	0.0037170533904032437	0.00014264656935000713	0.0012004801920768306	0.001339405304045004	0.0032674262734584455	0.14453562103692652	0.0	0.0024813895781637717	0.0	0.0030813544562414167	0.0	0.00048534265191225003	0.06328524895300139	0.0	0.0	0.0	0.0011556240369799693	0.0013377926421404682	0.004228855721393035	0.0	0.004496663765593269	0.0	0.0	0.0	0.0	0.0	0.0	0.0	0.0	0.0	0.0	0.0	0.0	0.00032076984763432237	0.0034822983168891473	0.0012522768670309656	0.00013778849466069583	0.00023575175340366595	0.00043649061545176777	0.0002623524267599475	0.0015287140383836149	0.0006490319925282173	0.0011293916547113945	0.037263654145142704	0.0002431249662326436	0.0017648655986967146	0.0038788056206089	0.006752479426039249	0.0	0.0	0.0	0.0	0.0	0.0	0.0	0.0	0.0	0.00035561877667140827	0.0	0.00030003000300030005	0.0	0.0	0.0	0.0	0.0	0.0	0.0026505369036291964	0.0012558869701726845	0.002328084712243724	0.0022956427799783945	0.00015783243456530318	0.0004145936981757877	0.002153154839917618	0.0017614937466971996	0.006656262339469382	0.0008179959100204499	0.0	0.007561769102259738	0.003935118533448507	0.0	0.0
k__Bacteria;p__Firmicutes;c__Clostridia;o__Clostridiales;f__Ruminococcaceae;g__Pseudoflavonifractor	0.0	0.0	0.0	0.0	0.0	0.0	0.0	0.0	0.0	0.0	0.0	0.0	0.0	0.0	0.0	0.0	0.0	0.0	0.0	0.0	0.0	0.0	0.0	0.0	0.0	0.0	0.0	0.0	0.0	0.0	0.0	0.0	0.0	0.0	0.0	0.0	0.0	0.0	0.0	0.0	0.0	0.0	0.0	0.0	0.0	0.0	0.0	0.0	0.0	0.0	0.0	0.0	0.0	0.0	0.0	0.0	0.0	0.0	0.0	0.0	0.0	0.0	0.0	0.0	0.0	0.0	0.0	0.0	0.0	0.0	0.0	0.0	0.0	0.0	0.0	0.0	0.0	0.0	0.0	0.0	0.0	0.0	0.0	0.0	0.0	0.0	0.0	0.0	0.0	0.0	0.0	0.0	0.0	0.0	0.0	0.0	0.0	0.0	0.0	0.0	0.0	0.0005129554123372353	0.0	0.0	0.0	1.880300095895305e-05	0.0	0.0	0.0	0.0	0.0	0.0
k__Bacteria;p__Firmicutes;c__Clostridia;o__Clostridiales;f__Ruminococcaceae;g__Ruminococcus	0.0009899029895070284	0.0	0.005664652567975831	0.00015348408881612607	0.062257885998893196	0.00012392085588004462	0.0	0.009318699523710915	0.000726427429899753	0.0	0.0	0.0038535645472061657	0.03574937646436402	0.01235059760956176	0.023618681201239708	0.040313549832026875	0.0478255773062947	0.027911033580462263	0.011817310763334398	0.03416856492027335	0.011813692262999905	0.015761009528714908	0.0029635483552306633	0.04128063154432317	6.360109393881575e-05	0.20673526660430316	0.012301337882733243	0.32400896375859645	0.005309319175148862	0.00037348272642390287	0.009154550350026932	0.06758278891642261	0.0	0.049219687875150055	0.03509241896597913	0.009550938337801611	0.016287454929752577	0.0014619883040935672	0.0024813895781637717	0.010190114068441064	0.0037177211374217096	0.057102069950035715	0.0	0.0030246626337831553	0.13382794359177658	0.045060291939919624	0.0002944640753828033	0.005778120184899847	0.024414715719063545	0.0002487562189054726	0.0009306654257794323	0.0	0.0067027952082144866	0.2801833927661742	0.00013500742540839745	0.0	0.03967312508237775	0.014468085106382993	6.87426960885406e-05	0.0	0.0	0.001165695253955038	7.132158904500393e-05	0.011017137769864236	0.013151563753007217	0.010446894950667432	0.08185336976320585	0.01308990699276607	0.030176224435669162	0.027717154081187287	0.5084390030607785	0.00014734593141046894	0.016368270250589602	0.031226153047831308	0.031746827824865854	0.08660651574909521	0.01601954928047787	0.013539227166276356	0.030597172399240407	0.0	0.014145383104125735	0.0	0.018442622950819675	0.0	0.002059732234809475	0.004713028906577294	0.0	0.0	0.00035561877667140827	0.003169572107765452	0.004200420042004202	0.049202127659574504	0.01573151546932354	0.008661758336942401	0.0	0.0	0.0001501726986033939	0.002956368084817184	0.0035321821036106726	0.11751821163040997	0.05640079222182182	0.004222017624621871	0.08789386401326728	0.01563377644635836	0.04832364511772632	0.004249478216723388	0.0010224948875255627	0.008824795523030563	0.013452914798206279	0.021787119685190523	0.00028805614476130626	0.00048034104213991934
k__Bacteria;p__Firmicutes;c__Clostridia;o__Clostridiales;f__Ruminococcaceae;g__Sporobacter	0.0	0.0	0.0	0.0	0.0	0.0	0.0	0.0	0.0	0.0	0.0	0.0	0.0	0.0	0.0	0.0	0.0	0.0	0.0	0.0	0.0	0.0	0.0	0.0	0.0	0.0	0.0	0.0	0.0	0.0	0.0	0.0	0.0	0.0	0.0	0.0	0.0	0.0	0.0	0.0	0.0	0.0	0.0	0.0	0.0	0.0	0.0	0.0	0.0	0.0	0.0	0.0	0.0	0.0	0.0	0.0	0.0	0.0	0.0	0.0	0.0	0.0	0.0	0.0010015579790785666	0.00032076984763432237	0.0005803830528148578	0.00011384335154826958	0.0	0.006306359403548064	0.0	0.0	0.00040520131137878956	0.0014563644710389263	0.0005189096791917219	0.00566728521992076	2.7013885136960397e-05	0.00325821341297855	0.0035128805620608895	0.002743194766828445	0.0	0.0	0.0	0.0	0.0	0.0	0.0	0.0	0.0	0.0	0.0	0.0	0.0	0.0	0.0	0.0	0.0	0.0	0.0	0.00023547880690737833	0.0006508623926702883	0.003555995678790061	0.0	9.7551458394303e-05	0.0009361542782250514	0.003405554576947919	0.0012598010642498544	0.000245398773006135	0.0	0.0	0.0	0.0	0.0
k__Bacteria;p__Firmicutes;c__Clostridia;o__Clostridiales;f__Ruminococcaceae;g__Subdoligranulum	0.0	0.0	0.0	0.0	0.0	0.0	0.0	0.0	0.0	0.0	0.0	0.0	0.0	0.0	0.0	0.0	0.0	0.0005233318796336677	0.0	0.0	9.683354313934346e-05	2.5753283543651817e-05	9.878494517435543e-05	0.0	0.0	0.0	0.0	0.0	0.0	0.0	0.0	0.0	0.0	0.0	0.0	0.0	0.0	0.0	0.0	0.0	0.0	0.0	0.0	0.0	0.0	0.0	0.0	0.0	0.0	0.0	0.0	0.0	0.0	0.0	0.0	0.0	0.0	0.0	0.0	0.0	0.0	0.0	0.0	0.0	0.0	0.0	0.0	0.0	0.0	0.0	0.0	5.525472427892585e-05	0.0007756723813142106	9.157229632795092e-05	0.00020061186619188526	0.000135069425684802	0.00013575889220743959	0.0	0.00014067665470915102	0.0	0.0	0.0	0.0	0.0	0.0	0.0	0.0	0.0	0.0	0.0	0.0	0.0	0.0	0.0	0.0	0.0	0.0001501726986033939	0.0	0.0	0.0008260945753122887	0.00027007562117392875	2.6305405760883863e-05	0.0005365330211686665	0.0033701554016101853	0.0005284481240091598	0.001090574055619277	0.00040899795501022495	0.0	0.0	0.0	0.0	0.0
k__Bacteria;p__Firmicutes;c__Erysipelotrichia;o__Erysipelotrichales;f__Erysipelotrichaceae;g__	0.0	0.0	0.0	0.0	0.0	0.0	0.0	0.0	0.0	0.0	0.0	0.0	0.0	0.0	0.0	0.0	0.0077364904466064935	0.005843872655909289	0.0006387735547748323	0.002277904328018223	0.00019366708627868693	0.0001545197012619109	0.0020744838486614642	0.0	0.0	0.0	0.0	0.0	0.0	0.0	0.0	0.00011263798152737103	0.0014740145499500738	0.0024009603841536613	0.0008036431824270025	0.009048257372654155	0.0004973268680840482	0.0014619883040935672	0.0024813895781637717	0.0	0.0	0.0	0.0	0.0	0.0	0.0	0.0	0.0	0.0	0.0	0.0	0.0	0.0	0.0	0.0	0.0	0.0	0.0	0.0	0.0	0.0	0.0	0.0	0.0	0.0	0.0	0.0	0.0	0.0	0.0	0.0	0.0007551478984786532	0.00017413053458074115	9.157229632795092e-05	0.0030593309594262505	0.000135069425684802	0.0	0.0	0.0007033832735457551	0.0	0.0	0.0	0.0	0.0	0.0	0.0	0.0	0.0	0.0	0.0	0.0	0.0	0.0	0.0	0.0	0.0	0.0004505180958101817	0.0	0.0	0.0029914636893884393	0.0012378465970471733	0.0	0.0009023509901473027	0.0001872308556450103	0.00011743291644647995	0.006994716356730534	0.00179959100204499	0.002260008609556608	0.004572232480436121	0.008638065073423554	0.00017021499463168097	0.0
k__Bacteria;p__Firmicutes;c__Erysipelotrichia;o__Erysipelotrichales;f__Erysipelotrichaceae;g__Catenibacterium	0.0	0.0	0.0	0.0	0.0	0.0	0.0	0.0	0.0	0.0	0.0	0.0	0.0	0.0	0.0	0.0	0.0	0.0	0.0	0.0	0.0	0.0	0.0	0.0	0.0	0.0	0.0	0.0	0.0	0.0	0.0	0.0	0.0	0.0	0.0	0.0	0.0	0.0	0.0	0.0	0.0	0.0	0.0	0.0	0.0	0.0	0.0	0.0	0.0	0.0	0.0	0.0	0.0	0.0	0.0	0.0	0.0	0.0	0.0	0.0	0.0	0.0	0.0	0.0	0.0	0.0	0.0	0.0	0.0	0.0	0.0	0.0	0.0	0.0	0.0	0.0	0.0	0.0	0.0	0.0	0.0	0.0	0.0	0.0	0.0	0.0	0.0	0.0	0.0	0.0	0.0	0.0	0.0	0.0	0.0	0.0	0.0	0.0	0.0	0.0	0.0	0.0	0.0	0.001310615989515072	0.002231225412483119	0.0	0.0	0.0	0.0	0.0	0.0	0.0
k__Bacteria;p__Firmicutes;c__Erysipelotrichia;o__Erysipelotrichales;f__Erysipelotrichaceae;g__Clostridium_XVIII	0.0	0.0	0.0	0.0	0.0	0.0	0.0	0.0	0.0	0.0	0.0	0.0	0.0	0.0	0.0	0.0	0.0	0.0	0.0	0.0	0.0	0.0	0.0	0.0	0.0	0.0	0.0	0.0	0.0	0.0	0.0	0.0	0.0	0.0	0.0	0.0	0.0	0.0	0.0	0.0001520912547528517	0.0008708175637204005	0.0	0.0	0.0	0.0	0.0	0.0	0.0	0.0	0.0	0.0	0.0	0.0	0.0	0.0	0.0	0.0	0.0	0.0	0.0	0.0	0.0	0.0	0.0	0.0	0.0	0.0	0.0	0.0	0.0	0.0	0.0001105094485578517	0.00018996058317899035	0.0	0.00035107076583579917	8.104165541088119e-05	0.0	0.0002927400468384075	7.033832735457551e-05	0.0	0.0	0.0	0.0	0.0	0.0	0.0	0.0	0.0	0.0	0.0	0.0	0.0	0.0	0.0	0.0	0.0	0.0	0.0	0.0	0.0005256965479260019	0.00020255671588044656	0.00011837432592397738	0.000292654375182909	9.361542782250516e-05	0.00017614937466971993	0.0014102250719214785	0.000245398773006135	0.0	0.0	0.0	0.0	0.0
k__Bacteria;p__Firmicutes;c__Erysipelotrichia;o__Erysipelotrichales;f__Erysipelotrichaceae;g__Erysipelotrichaceae_incertae_sedis	0.0	0.0	0.0	0.0	0.0	0.0	0.0	0.0	0.0	0.0	0.0	0.0	0.0	0.0	0.0	0.0	0.0	0.0	0.0	0.0	0.0	0.0	0.0	0.0021928622334301848	0.0	0.0	0.0	0.0	0.0	0.0	0.0	0.0	0.0	0.0	0.0	0.0	0.0	0.0	0.0	0.0	0.0	0.0	0.0	0.0	0.0	0.0	0.0	0.0	0.0	0.0	0.0	0.0	0.0	0.0	0.0	0.0	0.0	0.0	0.0	0.0	0.0	0.0	0.0	0.0	0.0	0.0	0.0	0.0	0.0	0.0	0.0	0.0	0.0	0.0	0.0	0.0	0.0	0.0	0.0	0.0	0.0	0.0	0.0	0.0	0.0	0.0	0.0	0.0	0.0	0.0	0.0	0.0	0.0	0.0	0.0	0.0	0.0	0.0	0.0	0.0	0.0	0.0	0.0	0.00308930911814267	0.0	0.0	0.0	0.0	0.0	0.0	0.0	0.0
k__Bacteria;p__Firmicutes;c__Erysipelotrichia;o__Erysipelotrichales;f__Erysipelotrichaceae;g__Turicibacter	0.0	0.0	0.0	0.0	0.0	0.0	0.0	0.0	0.0	0.0	0.0	0.0	0.0	0.0	0.0	0.0	0.0	0.0	0.0	0.0	0.0	0.0	0.0	0.0	0.0	0.0	0.0	0.0	0.0	0.0	0.0	0.0	0.0	0.0	0.0	0.0	0.0	0.0	0.0	0.0	0.0	0.0	0.0	0.0	0.0	0.0	0.0	0.0	0.0	0.0	0.0	0.0	0.0	0.0	0.0	0.0	0.0	0.0	0.0	0.0	0.0	0.0	0.0	0.0	0.0	0.0	0.0	0.0	0.0	0.0	0.0	0.0	1.5830048598249197e-05	0.0	0.0	0.0	0.0	0.0	0.0	0.0	0.0	0.0	0.0	0.0	0.0	0.0	0.0	0.0	0.0	0.0	0.0	0.0	0.0	0.0	0.0	0.0	0.0	0.0	0.0	1.2516584474428618e-05	0.0	6.576351440220966e-05	0.0	9.361542782250516e-05	0.0005284481240091598	0.0	4.089979550102249e-05	0.0	0.0	0.0	0.0	0.0
k__Bacteria;p__Firmicutes;c__Negativicutes;o__Selenomonadales;f__Acidaminococcaceae;g__	0.0	0.0	0.0	0.0	0.0	0.0	0.0	0.0	0.0002905709719599012	0.0	0.0	0.0	0.0	0.0	0.0	0.0	0.0	0.0	0.0	0.0	0.0	0.0	0.0	0.0	0.0	0.0	0.0	0.0	0.0	0.0	0.0	0.0	0.0	0.0	0.0	0.0	0.0	0.0	0.0	0.0	0.0	0.0	0.0	0.0	0.0	0.0	0.0	0.0	0.0	0.0	0.0	0.0	0.0	0.0	0.0	0.0	0.0	0.0	0.0	0.0	0.0	0.0	0.0	0.0	0.0	0.0	0.0	0.0	0.0	0.0	0.0	0.0	0.0	0.0	0.0	0.0	0.0	0.0	0.0	0.0	0.0	0.0	0.0	0.0	0.0	0.0	0.0	0.0	0.0024893314366998577	0.0	0.0	0.0	0.0	0.0	0.0	0.00017556179775280898	0.0	0.0	0.0	0.0	0.0	1.3152702880441932e-05	0.0	0.0	0.0	0.001579452080552056	0.00044989775051124743	0.0	0.0	0.0	0.0	0.0
k__Bacteria;p__Firmicutes;c__Negativicutes;o__Selenomonadales;f__Acidaminococcaceae;g__Acidaminococcus	0.0	0.0	0.0	0.0	0.0	0.0	0.0	0.0	0.0	0.0	0.0	0.0	0.0	0.0	0.0	0.0	0.0	0.0	0.0	0.0	0.0	0.0	0.0	0.0	0.0	0.0	0.0	0.0	0.0	0.0	0.0	0.0	0.0	0.0	0.0	0.0	0.0	0.0	0.0	0.0	0.0	0.0	0.0	0.0	0.0	0.0	0.0	0.0	0.0	0.0	0.0	0.0	0.0	0.0	0.0	0.0	0.0	0.0	0.0	0.0	0.0	0.0	0.0	0.0	0.0	0.0	0.0	0.0	0.0	0.0	0.0	0.0	0.0	0.0	0.004112543256933648	0.0	0.0	0.0	0.0	0.0	0.0	0.0	0.0	0.0	0.0	0.0	0.0	0.0	0.0	0.0	0.0	0.0	0.0	0.0	0.0	0.0	0.0	0.0	0.0	0.0	0.0	0.0	2.438786459857575e-05	0.0001872308556450103	0.0011743291644647994	0.0	0.0	0.0	0.0	0.0	0.0	0.0
k__Bacteria;p__Firmicutes;c__Negativicutes;o__Selenomonadales;f__Acidaminococcaceae;g__Phascolarctobacterium	0.0	0.00010317255610007738	0.0	0.0	0.0	0.0	0.0	0.0010354110581901014	0.0	0.0	0.0	0.0	0.0	0.0	0.0	0.0	0.0022271714922048997	0.0	0.0	0.0	0.0	0.0	0.0	0.0	0.0	0.0	0.0	0.0	0.0	0.0	0.0	0.0	0.0	0.0	0.0061612643986070185	0.0	0.0002486634340420241	0.0	0.0	0.0	0.0	0.0	0.0	0.0	0.0	0.0	0.0	0.0	0.0	0.0	0.0	0.0	0.0	0.0	0.0	0.0	0.0	0.0	0.0	0.0	0.0	0.0	0.0	0.010015579790785675	0.0	0.0	0.00022768670309653916	0.011229762314846702	0.04667884717392585	0.015713662156263634	0.0016615653694796672	0.005728073083581982	0.0	0.0	0.005065449621345104	0.0	0.0	0.0	0.0	0.0	0.0	0.0	0.0	0.0	0.0	0.00041893590280687055	0.0	0.0	0.0	0.005942947702060222	0.0018001800180018	0.0	0.0	0.0	0.0	0.0	0.0	0.0	0.0	0.0	0.021358480374504853	2.6305405760883863e-05	0.016193542093454298	0.0002808462834675155	0.007280840819681757	0.0	0.012597137014314926	0.0	0.009056537413171546	0.00950187158076591	0.0	0.0
k__Bacteria;p__Firmicutes;c__Negativicutes;o__Selenomonadales;f__Acidaminococcaceae;g__Succiniclasticum	0.0	0.0	0.0	0.0	0.0	0.0	0.0	0.0	0.0	0.0	0.0	0.0	0.0	0.0	0.0	0.0	0.0	0.0	0.0	0.0	0.0	0.0	0.0	0.0	0.0	0.0	0.0	0.0	0.0	0.0	0.0	0.0	0.0	0.0	0.0	0.0	0.004102946661693398	0.0	0.0	0.0	0.0	0.0	0.0	0.0	0.0	0.0	0.0	0.0	0.0	0.0	0.0	0.0	0.0	0.0	0.0	0.0	0.0	0.0	0.0	0.0	0.0	0.0	0.0	0.0	0.0	0.0	0.0	0.0	0.0	0.0	0.0	0.0	0.0	0.0	0.0	0.0	0.0	0.0	0.0	0.0	0.0	0.0	0.0	0.0	0.0	0.0	0.0	0.0	0.0	0.0	0.0	0.0	0.0	0.0	0.0	0.0	0.0	0.0	0.0	0.0	0.0	0.0	0.0	0.0	0.0	0.0	0.0	0.0	0.0	0.0	0.0	0.0
k__Bacteria;p__Firmicutes;c__Negativicutes;o__Selenomonadales;f__Veillonellaceae;g__Dialister	0.0	5.158627805003869e-05	0.0	0.0009720658958354651	0.0	0.001073980750960387	0.0	0.0	0.0	0.0	0.0	0.037893384714193956	0.0	0.0006640106241699867	0.011328417227743933	0.04927211646136618	0.0	0.019188835586567806	0.01660811242414564	0.009111617312072893	0.01684903650624577	0.007828998197270152	0.0	0.1593114412587028	0.039877885899637484	0.04053632678515749	0.2933465026488289	0.015686577544239223	0.0036666568889149576	0.4597572362278231	0.06219709208400675	0.05902230232034243	0.010460748419000522	0.010804321728691476	0.0045539780337530145	0.05621648793565685	0.005594927265945544	0.0	0.6451612903225808	0.0	0.0	0.012134189864382583	0.0	0.0	0.00022653904966868664	0.00010577533319229955	0.0	0.0	0.0	0.0	0.0	0.0	0.0	0.0	0.0	0.009541478929234026	0.015333245463731809	0.059952718676122944	0.005636901079260329	0.0038387715930902106	0.0	0.0	0.0	0.0	0.0	0.0	0.0	0.0	0.0	0.0	0.0	0.0	0.011001883775783195	0.001709349531455083	0.00010030593309594263	0.002161110810956833	0.0014028418861435424	0.006513466042154571	0.013926988816205941	0.4117865675603923	0.0	0.012512347711557457	0.03015222482435599	0.030679327976625263	0.012701682114658431	0.0	0.12775017743080197	0.0	0.0	0.013866877971473852	0.0	0.0	0.02726796014682747	0.0	0.0	0.0	0.04400060069079444	0.0	0.0	0.002490800310411295	2.250630176449406e-05	0.0036301459950019745	0.0005365330211686664	0.05513948698745553	5.8716458223239976e-05	0.0	0.0	0.00010761945759793371	0.0020223335971159767	0.006046645551396494	0.0007987011286563488	0.057680953476968645
k__Bacteria;p__Firmicutes;c__Negativicutes;o__Selenomonadales;f__Veillonellaceae;g__Megamonas	0.0	0.0	0.0	0.0	0.0	0.0	0.0	0.0	0.0	0.0	0.0	0.0	0.0	0.0	0.0	0.0	0.0	0.0	0.0	0.0	0.0	0.0	0.0	0.0	0.0	0.0	0.0	0.0	0.0	0.0	0.0	0.0	0.0	0.0	0.0	0.0	0.0	0.0	0.0	0.0	0.0	0.0	0.0	0.0	0.0	0.0	0.0	0.0	0.0	0.0	0.0	0.0	0.0	0.0	0.0	0.0	0.0	0.0	0.0	0.0	0.0	0.0	0.0	0.0	0.0	0.0	0.0	0.0	0.0	0.0	0.0	0.0	0.0	0.0	0.0	0.0	0.0	0.0	0.0	0.0	0.0	0.0	0.0	0.0	0.0	0.0	0.0	0.0	0.0	0.0	0.0	0.0	0.0	0.0	0.0	0.007373595505617977	0.0	0.0	0.0	0.0	0.0	0.0	0.0	0.0	0.0	0.0	0.0	0.0	0.0	0.0	0.0	0.0
k__Bacteria;p__Firmicutes;c__Negativicutes;o__Selenomonadales;f__Veillonellaceae;g__Megasphaera	0.0	0.0	0.0	0.0	0.0	0.0	0.0	0.0	0.0	0.0	0.0	0.0	0.0	0.0	0.0	0.0	0.0	0.0	0.0	0.0	0.0	0.0	0.0	0.0	0.0	0.0	0.0	0.0	0.0	0.0	0.0	0.0	0.0	0.0	0.0	0.0	0.0	0.0	0.0	0.0	0.0	0.0	0.0	0.0	0.0	0.0	0.0	0.0	0.0	0.019154228855721392	0.0013959981386691485	0.003626341746446185	0.0	0.0	0.0	0.0	0.0	0.0	0.0	0.0	0.0	0.0	0.0	0.0	0.0	0.0	0.0	0.0	0.0	0.0	0.0	0.0	0.0	0.0	0.0	0.0	0.0	0.0	0.0	0.0	0.0	0.0	0.0	0.0	0.0	0.0	0.0	0.0	0.0	0.0	0.0	0.0	0.0	0.0	0.0	0.0	0.0	0.0	0.0	0.0	0.0	0.0	0.0	0.0	0.0	0.0	0.0	0.0	0.0	0.0	0.0	0.0
k__Bacteria;p__Firmicutes;c__Negativicutes;o__Selenomonadales;f__Veillonellaceae;g__Veillonella	0.0	0.0	0.0	0.0	0.0	0.0	0.0	0.0	0.0	0.0	0.0	0.0	0.0	0.0	0.0	0.0	0.0	0.0	0.0	0.0	0.0	0.0	0.0	0.0	0.0	0.0	0.0	0.0	0.0	0.0	0.0	0.0	0.0	0.0	0.0	0.0	0.0	0.0	0.0	0.0	0.0	0.0	0.0	0.0	0.0	0.0	0.0	0.0	0.0	0.0	0.0	0.0	0.0	0.0	0.0	0.0	0.0	0.0	0.0	0.0	0.0	0.0	0.0	0.0	0.0	0.0	0.0	0.0	0.0	0.0	0.0	1.8418241426308618e-05	9.498029158949519e-05	0.0009767711608314764	5.0152966547971315e-05	0.0012696526014371386	4.525296406914653e-05	0.0	0.0	0.0	0.0	0.0	0.0	0.0	0.0	0.0	0.0	0.0	0.0	0.0	0.0	0.0	0.0	0.0	0.0	0.0	0.0	0.0	0.0	0.00136430770771272	0.0007877205617572922	0.009035906878863605	0.0001463271875914545	0.0021531548399176185	0.00011743291644647995	5.6409002876859146e-05	0.00024539877300613493	0.0	0.0	0.0	0.0	0.0
k__Bacteria;p__Fusobacteria;c__Fusobacteriia;o__Fusobacteriales;f__Fusobacteriaceae;g__Fusobacterium	0.0	0.0	0.0	0.0	0.0	0.0	0.0	0.0	0.0	0.0	0.0	0.0	0.0	0.0	0.0	0.0	0.0	0.0	0.0	0.0	0.0	0.0	0.0	0.0	0.0	0.0	0.0	0.0	0.0	0.0	0.0	0.0	0.0	0.0	0.0	0.0	0.0	0.0	0.0	0.0	0.0	0.0	0.0	0.0	0.0	0.0	0.0	0.0	0.0	0.0	0.0	0.0	0.0	0.0	0.0	0.0	0.0	0.0	0.0	0.0	0.0	0.0	0.0	0.0	0.0	0.0	0.0	0.0	0.0	0.0	0.0	0.0	0.0	0.0	0.0	0.0	0.0	0.0	0.0	0.0	0.0	0.0	0.0	0.0	0.0	0.0	0.0	0.0	0.0	0.0	0.0	0.0	0.0	0.0	0.0	0.010884831460674156	0.0	0.0	0.0	0.0	0.0	0.0	0.0	0.0	0.0	0.0	0.0	0.0	0.0	0.0	0.0	0.0
k__Bacteria;p__Proteobacteria;c__Alphaproteobacteria;o__;f__;g__	0.0	0.0	0.0	0.0	0.0	0.0	0.0	0.0	0.0	0.0	0.0	0.0	0.0	0.0	0.0	0.0	0.0	0.0	0.0	0.0	0.0	0.0	0.0	0.0	0.0	0.0	0.0	0.0	0.0	0.0	0.0	0.0	0.0	0.0	0.0	0.0	0.0	0.0	0.0	0.0	0.0	0.0	0.0	0.0	0.0	0.0	0.0	0.0	0.0	0.0	0.0	0.0	0.0	0.0	0.0	0.0	0.0	0.0	0.0	0.0	0.0	0.0	0.0	0.0	0.0	0.0	0.0	0.0	0.0	0.0	0.0	0.0	0.0010922733532791945	0.0002441927902078691	0.0	0.0	0.0011313241017286632	0.0029274004683840747	0.001758458183864388	0.0	0.0	0.0	0.0	0.0	0.0	0.0	0.0	0.0	0.0	0.0	0.0	0.0	0.0	0.0	0.0	0.0	0.0	0.0	0.0	0.0	0.0	0.0	0.0	0.0	0.0	0.0	0.0	0.0	0.0	0.0	0.0	0.0
k__Bacteria;p__Proteobacteria;c__Betaproteobacteria;o__Burkholderiales;f__;g__	0.0	0.0	0.0	0.0	0.0	0.0	0.0	0.0	0.0	0.0	0.0	0.0	0.0	0.0	0.0	0.0	0.0	0.0	0.0	0.0	0.0	0.0	0.0	0.0	0.0	0.0	0.0	0.0	0.0	0.0	0.0	0.0	0.0	0.0	0.0	0.0	0.0	0.0	0.0	0.0	0.0	0.0	0.0	0.003024662633783155	0.0	0.0	0.0	0.0	0.0	0.0	0.0	0.0	0.0	0.0	0.0	0.0	0.0	0.0	0.0	0.0	0.0	0.0	0.0	0.0	0.0	0.0	0.0	0.0	0.0	0.0	0.0	0.0	0.0	0.0	0.0	0.0	0.0	0.0	0.0	0.0	0.0	0.0	0.0	0.0	0.0	0.0	0.0	0.0	0.0	0.0	0.0	0.0	0.0	0.0	0.0	0.0	0.0	0.0	0.0	0.0	0.0	0.0	0.0	0.0	0.0	0.0	0.0	0.0	0.0	0.0	0.0	0.0
k__Bacteria;p__Proteobacteria;c__Betaproteobacteria;o__Burkholderiales;f__Sutterellaceae;g__Parasutterella	0.0	0.0	0.0	0.0	0.0	0.0	0.0	0.0	0.0	0.0	0.0	0.0	0.0	0.0	0.0	0.0	0.0009377564177704841	0.0012211077191452246	0.0	0.0	0.0	0.0005408189544166881	0.0008890645065691989	0.0	0.0	0.0	0.0	0.0	0.0	0.0	0.0	0.00033791394458211306	0.0	0.0	0.0002678810608090008	0.001089142091152815	0.002113639189357205	0.0	0.0	0.0	0.0	0.0	0.0	0.0	0.0	0.0	0.0	0.0	0.0	0.0	0.0	0.0	0.0	0.0	0.0	0.0	0.0	0.0	0.0	0.0	0.0	0.0	0.0	0.0	0.0	0.0	0.0	0.0	0.0	0.0	0.0	0.00012892768998416034	1.5830048598249197e-05	3.0524098775983637e-05	5.0152966547971315e-05	0.0032146523312982875	0.0	0.0	0.0	0.0	0.0	0.0	0.0	0.0	0.0	0.0	0.0	0.0	0.0	0.0	0.0	0.0	0.0	0.0	0.0	0.0	0.017119687640786904	0.0	0.0	0.0	0.004996398991717679	0.0076548730764172054	0.00212174422007609	0.0	0.0024073747871528393	7.52120038358122e-05	0.006012269938650304	0.00021523891519586742	0.012397784225797943	0.009405893079950092	0.0002225888391337367	0.00266188994185872
k__Bacteria;p__Proteobacteria;c__Betaproteobacteria;o__Burkholderiales;f__Sutterellaceae;g__Sutterella	0.0	0.0	0.0	0.0	0.0	0.0	0.0	0.0	0.0	0.0	0.0	0.0	0.0	0.0	0.0	0.0	0.0	0.0	0.0009581603321622484	0.002277904328018223	0.0025176721216229304	0.0	0.0	0.0	0.0	0.0	0.0	0.0	0.0	0.0	0.0	0.0	0.0	0.0	0.0	0.0	0.0	0.0	0.0	0.0	0.0	0.0	0.0	0.0	0.0	0.0	0.0	0.0	0.0	0.0	0.0	0.0	0.0	0.0	0.0	0.0	0.0	0.0	0.0	0.0	0.0	0.0	0.0	0.0	0.0	0.0	0.0	0.0	0.0	0.0	0.0	0.0005157107599366412	0.00030077092336673475	0.00030524098775983635	0.0	0.0	0.00013575889220743959	0.002561475409836066	0.004923682914820286	0.0	0.0	0.0	0.0	0.0	0.0	0.0	0.0	0.0	0.0	0.0	0.0	0.0	0.0	0.0	0.0	0.0	0.0	0.0	0.0	0.000588279470298145	0.0	0.0	0.0	0.0	0.0	0.0015982550815110091	0.00016359918200408997	0.0	0.0	0.0	0.0	0.0
k__Bacteria;p__Proteobacteria;c__Deltaproteobacteria;o__Desulfovibrionales;f__Desulfovibrionaceae;g__Bilophila	0.0	0.0	0.0	0.0	0.0	0.0	0.0	0.0	0.0	0.0	0.0	0.0	0.0	0.0	0.0	0.0	0.00011721955222131051	8.722197993894462e-05	0.0	0.0	0.0	0.0	0.0	0.0	0.0	0.0	0.0	0.0	0.0	0.0	0.0	0.0	0.0	0.0	0.0	0.0	0.0	0.0	0.0	0.0	0.0	0.0	0.0	0.0	0.0	0.0	0.0	0.0	0.0	0.0	0.0	0.0	0.0	0.0	0.0	0.0	0.0	0.0	0.0	0.0	0.0	0.0	0.0	0.0	0.0	0.0	0.0	0.0	0.0	0.0	0.0	7.367296570523447e-05	3.166009719649839e-05	0.0	0.00020061186619188526	0.0	4.525296406914653e-05	0.0	0.0	0.0	0.0	0.0	0.0	0.0	0.0	0.0	0.0	0.0	0.0	0.0	0.0	0.0	0.0	0.0	0.0	0.0	0.003153626670671272	0.0	0.0	0.0	9.002520705797624e-05	9.206892016309352e-05	0.0	0.0	0.00017614937466971993	0.0	0.0	0.00021523891519586742	0.0	0.0	0.0	0.00011007815549039818
k__Bacteria;p__Proteobacteria;c__Deltaproteobacteria;o__Desulfovibrionales;f__Desulfovibrionaceae;g__Desulfovibrio	0.0	0.0	0.0	0.0	0.0	0.0	0.0	0.0	0.0	0.0	0.0	0.0	0.0	0.0	0.0	0.0	0.0	0.0	0.0	0.0	0.0	0.0	0.0	0.0	0.0	0.0	0.0	0.0	0.0	0.0	0.0	0.0	0.0	0.0	0.0002678810608090008	0.0	0.004475941812756434	0.0	0.0	0.0	0.0	0.0	0.0	0.0	0.0	0.0	0.0	0.0	0.0	0.0	0.0	0.0	0.0	0.0	0.0	0.0	0.0	0.0	0.0	0.0	0.0	0.0	0.0	0.0	0.0	0.0	0.0	0.0	0.0	0.0	0.0	0.0	0.0	0.0	0.0	0.0	0.0	0.0	0.0	0.0	0.0	0.0	0.0	0.0	0.0	0.0	0.0	0.0	0.0	0.0	0.0	0.0	0.0	0.0	0.0	0.0	0.0	0.0	0.0	0.0	0.00018005041411595245	0.0	0.0	9.361542782250516e-05	0.0	0.0017486790891826334	8.179959100204499e-05	0.0	0.0	0.0	0.0	0.0
k__Bacteria;p__Proteobacteria;c__Gammaproteobacteria;o__Aeromonadales;f__Succinivibrionaceae;g__Succinivibrio	0.0	0.0	0.0	0.0	0.0	0.0	0.0	0.0	0.0	0.0	0.0	0.0	0.0	0.0	0.0	0.0	0.0	0.0	0.0	0.0	0.0	0.0	0.0	0.0	0.0	0.0	0.0	0.0	0.0	0.0	0.0	0.0	0.0	0.0	0.0	0.0	0.0	0.0	0.0	0.0018250950570342205	0.0	0.0	0.007280139778683751	0.0	0.0	0.0	0.0	0.0	0.0	0.0	0.0	0.0	0.0	0.0	0.0	0.0	0.0	0.0	0.0	0.0	0.0	0.0	0.0	0.0	0.0	0.0	0.0	0.0	0.0	0.0	0.0	0.0	0.0	0.0	0.0	0.0	0.0	0.0	0.0	0.0	0.0	0.0	0.0	0.0	0.0	0.0	0.0	0.0	0.0	0.0	0.0	0.0	0.0	0.0	0.0	0.0	0.0	0.0	0.0	0.0	0.0	0.0	0.0	0.0	0.0	0.0	0.0	0.0	0.0	0.0	0.0	0.0
k__Bacteria;p__Proteobacteria;c__Gammaproteobacteria;o__Enterobacteriales;f__Enterobacteriaceae;g__Escherichia/Shigella	0.0	0.0	0.0	0.0	0.0	0.0	0.0	0.0	0.0	0.0	0.0	0.0	0.0	0.0	0.0	0.0	0.0007033173133278631	8.722197993894462e-05	0.0	0.0	0.0	0.0	0.0	0.0	0.0	0.0	0.0	0.0	0.0	0.0	0.0	0.0	0.0	0.0	0.0	0.0	0.0	0.0	0.0	0.0	0.0	0.0	0.0	0.0	0.0	0.0	0.0	0.0	0.0	0.0	0.0	0.0	0.0	0.0	0.0	0.0	0.0	0.0	0.0	0.0	0.0	0.0	0.0	0.0	0.0	0.0	0.0	0.0	0.0	0.0	0.0	0.0	0.0	6.104819755196727e-05	0.0	0.00067534712842401	0.0	0.0	7.033832735457551e-05	0.0	0.0	0.0	0.0	0.0	0.0	0.0	0.0	0.0	0.0	0.0	0.0	0.0	0.0	0.0	0.0	0.0	0.0004505180958101817	0.0	0.0	0.00047563021002828746	2.250630176449406e-05	9.206892016309352e-05	0.0	0.001217000561692567	0.005284481240091598	0.0010717710546603236	0.011206543967280163	0.0	0.0	0.0	0.0	0.0
k__Bacteria;p__Proteobacteria;c__Gammaproteobacteria;o__Pasteurellales;f__Pasteurellaceae;g__Haemophilus	0.0	0.0	0.0	0.0	0.0	0.0	0.0	0.0	0.0	0.0	0.0	0.0	0.0	0.0	0.0	0.0	0.0	0.0010466637592673354	0.0	0.0	0.00019366708627868693	0.00025753283543651813	0.00019756989034871086	0.0	0.0	0.0	0.0	0.0	0.0	0.0	0.0	0.0	0.0	0.0	0.0	0.0	0.0	0.0	0.0	0.0	0.0	0.0	0.0	0.0	0.0	0.0	0.0	0.0	0.0	0.0	0.0	0.0	0.0	0.0	0.0	0.0	0.0	0.0	0.0	0.0	0.0	0.0	0.0	0.0	0.0	0.0	0.0	0.0	0.0	0.0	0.0	0.0	1.5830048598249197e-05	0.00012209639510393455	0.0	0.0002431249662326436	0.0	7.318501170960187e-05	0.0	0.0	0.0	0.0	0.0	0.0	0.0	0.0	0.0	0.0	0.0	0.0	0.0	0.0	0.0	0.0	0.0	0.0	0.0	0.0	0.0	5.006633789771447e-05	0.0	0.00015783243456530318	9.7551458394303e-05	0.004868002246770268	0.0	5.6409002876859146e-05	4.089979550102249e-05	0.0	0.0	0.0	0.0	0.0
k__Bacteria;p__Proteobacteria;c__Gammaproteobacteria;o__Pasteurellales;f__Pasteurellaceae;g__Mannheimia	0.0	0.0	0.0	0.0	0.0	0.0	0.0	0.0	0.0	0.0	0.0	0.0	0.0	0.0	0.0	0.0	0.0	0.0	0.0	0.0	0.0	0.0	0.0	0.0	0.0	0.0	0.0	0.0	0.0	0.0	0.0	0.0	0.0	0.0	0.0	0.0	0.0	0.0	0.0	0.0	0.0	0.0	0.0	0.0	0.0	0.0	0.0	0.0	0.0	0.0	0.0	0.0	0.0	0.0	0.0	0.0	0.0	0.0	0.0	0.0	0.0	0.0	0.0	0.0	0.0	0.0	0.0	0.0	0.0	0.0	0.0	0.0	0.0	0.0	0.0	0.00016208331082176238	0.0	0.0	0.0	0.0	0.0	0.0	0.0	0.0	0.0	0.0	0.0	0.0	0.0	0.0	0.0	0.0	0.0	0.0	0.0	0.0	0.0	0.0	0.0	0.0	0.0	0.0	0.0	0.000655307994757536	0.0	0.0	4.089979550102249e-05	0.0	0.0	0.0	0.0	0.0
k__Bacteria;p__Verrucomicrobia;c__Verrucomicrobiae;o__Verrucomicrobiales;f__Verrucomicrobiaceae;g__Akkermansia	0.0	0.0	0.0	0.0	0.0	0.00020653475980007436	0.0	0.0006212466349140609	0.0	0.0	0.0	0.0	7.558007709167864e-05	0.0	0.013038366997969435	0.0	0.0	0.0	0.0	0.002277904328018223	0.0008715018882540913	0.0	0.0	0.0	0.0003816065636328945	0.0037418147801683813	0.002244769686630152	0.0003090951240244185	0.7475580065119821	0.0005602240896358543	0.23774905761981457	0.0	0.0	0.0	0.0	0.0005864611260053619	0.0	0.0	0.01240694789081886	0.0	0.0	0.02069950035688794	0.0007765482430596001	0.004187994416007446	0.0	0.0	0.0	0.004622496147919877	0.0	0.0	0.0	0.0	0.0	0.0	0.0	0.0023853697323085077	0.0	0.0	0.0	0.0	0.027435897435897437	0.0	0.0004992511233150275	0.0010015579790785666	0.0	0.0	0.00034153005464480874	0.0115053393041681	0.0024753934107384925	0.0	0.0	0.006114856153534462	0.00834243561127733	0.0020756387167668875	0.0	0.0	0.003846501945877455	0.010831381733021082	0.004220299641274531	0.0	0.0	0.0	0.0	0.0	0.00034328870580157915	0.0	0.0	0.0002403846153846154	0.0	0.0019809825673534074	0.00030003000300030005	0.0	0.0	0.0	0.0	0.0008778089887640449	0.0	0.0	0.0069858712715855555	0.0	0.0	0.0	0.00036581796897863626	0.0	0.02689213786624391	3.76060019179061e-05	0.0	0.10288420146362477	0.06330783434450013	0.09981764084844982	0.004399402938172681	0.0
