BarcodeSequence	ATCGCTAGTA	TCGCTATATA	TCTACAGCGT	CGTACTCAGT	TCGCTACGCG	CTAGTATGCG	CAGTGAGACG	ACGCACACGT	TCAGTCTCGA	TACACGATGT	TCTCGTGTGT	CGTGAGTGCG	CGCGCTACGT	ATATACGCGT	AGAGTCACGA	AGACATATCG	AGAGTACGTG	TGAGATCTCG	ATACTCTATG	ACGTCTCGCT	CTCACGCGAG	CATATAGACG	CTAGAGTGTG	TAGCGTGATG	TAGCTACTGT	ACGTATGACT	TATCTGTATA	TCTATCTAGT	AGTGACTAGT
LinkerPrimerSequence	CCGTCAATTCMTTTRAGT	CCGTCAATTCMTTTRAGT	CCGTCAATTCMTTTRAGT	CCGTCAATTCMTTTRAGT	CCGTCAATTCMTTTRAGT	CCGTCAATTCMTTTRAGT	CCGTCAATTCMTTTRAGT	CCGTCAATTCMTTTRAGT	CCGTCAATTCMTTTRAGT	CCGTCAATTCMTTTRAGT	CCGTCAATTCMTTTRAGT	CCGTCAATTCMTTTRAGT	CCGTCAATTCMTTTRAGT	CCGTCAATTCMTTTRAGT	CCGTCAATTCMTTTRAGT	CCGTCAATTCMTTTRAGT	CCGTCAATTCMTTTRAGT	CCGTCAATTCMTTTRAGT	CCGTCAATTCMTTTRAGT	CCGTCAATTCMTTTRAGT	CCGTCAATTCMTTTRAGT	CCGTCAATTCMTTTRAGT	CCGTCAATTCMTTTRAGT	CCGTCAATTCMTTTRAGT	CCGTCAATTCMTTTRAGT	CCGTCAATTCMTTTRAGT	CCGTCAATTCMTTTRAGT	CCGTCAATTCMTTTRAGT	CCGTCAATTCMTTTRAGT
ReversePrimer	CCTACGGGAGGCAGCAG	CCTACGGGAGGCAGCAG	CCTACGGGAGGCAGCAG	CCTACGGGAGGCAGCAG	CCTACGGGAGGCAGCAG	CCTACGGGAGGCAGCAG	CCTACGGGAGGCAGCAG	CCTACGGGAGGCAGCAG	CCTACGGGAGGCAGCAG	CCTACGGGAGGCAGCAG	CCTACGGGAGGCAGCAG	CCTACGGGAGGCAGCAG	CCTACGGGAGGCAGCAG	CCTACGGGAGGCAGCAG	CCTACGGGAGGCAGCAG	CCTACGGGAGGCAGCAG	CCTACGGGAGGCAGCAG	CCTACGGGAGGCAGCAG	CCTACGGGAGGCAGCAG	CCTACGGGAGGCAGCAG	CCTACGGGAGGCAGCAG	CCTACGGGAGGCAGCAG	CCTACGGGAGGCAGCAG	CCTACGGGAGGCAGCAG	CCTACGGGAGGCAGCAG	CCTACGGGAGGCAGCAG	CCTACGGGAGGCAGCAG	CCTACGGGAGGCAGCAG	CCTACGGGAGGCAGCAG
Feces_ADN	both	both	ADN	ADN	both	ADN	ADN	both	both	ADN	ADN	both	ADN	ADN	both	ADN	both	both	both	ADN	both	both	both	both	both	both	both	both	both
project_name	type 1 diabetes fecal microbiome	type 1 diabetes fecal microbiome	type 1 diabetes fecal microbiome	type 1 diabetes fecal microbiome	type 1 diabetes fecal microbiome	type 1 diabetes fecal microbiome	type 1 diabetes fecal microbiome	type 1 diabetes fecal microbiome	type 1 diabetes fecal microbiome	type 1 diabetes fecal microbiome	type 1 diabetes fecal microbiome	type 1 diabetes fecal microbiome	type 1 diabetes fecal microbiome	type 1 diabetes fecal microbiome	type 1 diabetes fecal microbiome	type 1 diabetes fecal microbiome	type 1 diabetes fecal microbiome	type 1 diabetes fecal microbiome	type 1 diabetes fecal microbiome	type 1 diabetes fecal microbiome	type 1 diabetes fecal microbiome	type 1 diabetes fecal microbiome	type 1 diabetes fecal microbiome	type 1 diabetes fecal microbiome	type 1 diabetes fecal microbiome	type 1 diabetes fecal microbiome	type 1 diabetes fecal microbiome	type 1 diabetes fecal microbiome	type 1 diabetes fecal microbiome
ME_ID	M7	M9	M6	M3	M10	M5	M4	M1	A17	A10	A5	A2	A8	A6	A9	A4	A18	A1	A15	A7	A16	C6	C11	C4	C12	C7	C3	C10	C9
ANONYMIZED_NAME	FM7	FM9	FM6	FM3	FM10	FM5	FM4	FM1	FM27	FM20	FM15	FM12	FM18	FM16	FM19	FM14	FM28	FM11	FM25	FM17	FM26	FM33	FM38	FM31	FM39	FM34	FM30	FM37	FM36
biological_specimen	feces	feces	feces	feces	feces	feces	feces	feces	feces	feces	feces	feces	feces	feces	feces	feces	feces	feces	feces	feces	feces	feces	feces	feces	feces	feces	feces	feces	feces
age_in_years	7.0	9.0	10.0	11.0	11.0	13.0	15.0	16.0	8.0	9.0	10.0	11.0	11.0	13.0	13.0	14.0	14.0	15.0	15.0	16.0	18.0	7.0	9.0	10.0	10.0	11.0	12.0	12.0	17.0
Location	Hermosillo	Hermosillo	Hermosillo	Hermosillo	Hermosillo	Hermosillo	Ures	Hermosillo	Mexicali	Bacadehuachi	La Victoria	Guaymas	Hermosillo	Imuris	Agua Prieta	Magdalena	Hermosillo	Guaymas	Ures	La Victoria	Santa Ana	Hermosillo	La Victoria	Imuris	La Victoria	Hermosillo	Magdalena	La Victoria	La Victoria
Ethnicity	Mestizo	Mestizo	Mestizo	Mestizo	Mestizo	Mestizo	Mestizo	Mestizo	Mestizo	Mestizo	Mestizo	Mestizo	Mestizo	Mestizo	Mestizo	Mestizo	Mestizo	Mestizo	Mestizo	Mestizo	Mestizo	Mestizo	Mestizo	Mestizo	Mestizo	Mestizo	Mestizo	Mestizo	Mestizo
collection_date	Jun 29 2012	Sep 25 2012	Mar 5 2012	Feb 23 2012	Oct 2 2012	Mar 23 2012	Feb 27 2012	Jun 22 2012	Ago 23 2012	Mar 14 2012	Mar 14 2012	Jul 1 2012	Feb 13 2012	Mar 9 2012	Apr 30 2012	Feb 15 2012	Nov 05 2012	May 21 2012	Jun 25 2012	Mar 14 2012	Jul 5 2012	Ago 13 2012	Sep 27 2014	Jun 13 2012	Sep 27 2015	Jul 23 2012	Jun 13 2012	Sep 27 2013	Sep 27 2012
altitude_m	282.0	282.0	282.0	282.0	282.0	282.0	460.0	282.0	3.0	700.0	240.0	40.8	282.0	840.0	1227.0	760.0	282.0	40.8	460.0	240.0	680.0	282.0	240.0	840.0	240.0	282.0	760.0	240.0	240.0
assigned_from_geo	n	n	n	n	n	n	n	n	n	n	n	n	n	n	n	n	n	n	n	n	n	n	n	n	n	n	n	n	n
body_habitat	Intestine	Intestine	Intestine	Intestine	Intestine	Intestine	Intestine	Intestine	Intestine	Intestine	Intestine	Intestine	Intestine	Intestine	Intestine	Intestine	Intestine	Intestine	Intestine	Intestine	Intestine	Intestine	Intestine	Intestine	Intestine	Intestine	Intestine	Intestine	Intestine
body_site	Intestine	Intestine	Intestine	Intestine	Intestine	Intestine	Intestine	Intestine	Intestine	Intestine	Intestine	Intestine	Intestine	Intestine	Intestine	Intestine	Intestine	Intestine	Intestine	Intestine	Intestine	Intestine	Intestine	Intestine	Intestine	Intestine	Intestine	Intestine	Intestine
country	Mexico	Mexico	Mexico	Mexico	Mexico	Mexico	Mexico	Mexico	Mexico	Mexico	Mexico	Mexico	Mexico	Mexico	Mexico	Mexico	Mexico	Mexico	Mexico	Mexico	Mexico	Mexico	Mexico	Mexico	Mexico	Mexico	Mexico	Mexico	Mexico
Sex	f	f	f	m	f	m	m	f  	m	f	f	m	f	f	m	m	f	m	f	f	m	f	m	m	f	m	m	f	f
latitude	29.05	29.05	29.05	29.05	29.05	29.05	29.59	29.05	32.39	29.8	29.12	27.31	29.05	30.77	30.59	30.62	29.05	27.31	29.59	29.12	30.54	29.05	29.12	30.77	29.12	29.05	30.62	29.12	29.12
longitude	-110.57	-110.57	-110.57	-110.57	-110.57	-110.57	-110.55	-110.57	-115.28	-109.13	-110.89	-110.03	-110.57	-110.86	-110.49	-110.96	-110.57	-110.03	-110.55	-110.89	-111.12	-110.57	-110.89	-110.86	-110.89	-110.57	-110.96	-110.89	-110.89
TITLE	Human gut microbiome differentiation viewed across T1D patients and healthy controls	Human gut microbiome differentiation viewed across T1D patients and healthy controls	Human gut microbiome differentiation viewed across T1D patients and healthy controls	Human gut microbiome differentiation viewed across T1D patients and healthy controls	Human gut microbiome differentiation viewed across T1D patients and healthy controls	Human gut microbiome differentiation viewed across T1D patients and healthy controls	Human gut microbiome differentiation viewed across T1D patients and healthy controls	Human gut microbiome differentiation viewed across T1D patients and healthy controls	Human gut microbiome differentiation viewed across T1D patients and healthy controls	Human gut microbiome differentiation viewed across T1D patients and healthy controls	Human gut microbiome differentiation viewed across T1D patients and healthy controls	Human gut microbiome differentiation viewed across T1D patients and healthy controls	Human gut microbiome differentiation viewed across T1D patients and healthy controls	Human gut microbiome differentiation viewed across T1D patients and healthy controls	Human gut microbiome differentiation viewed across T1D patients and healthy controls	Human gut microbiome differentiation viewed across T1D patients and healthy controls	Human gut microbiome differentiation viewed across T1D patients and healthy controls	Human gut microbiome differentiation viewed across T1D patients and healthy controls	Human gut microbiome differentiation viewed across T1D patients and healthy controls	Human gut microbiome differentiation viewed across T1D patients and healthy controls	Human gut microbiome differentiation viewed across T1D patients and healthy controls	Human gut microbiome differentiation viewed across T1D patients and healthy controls	Human gut microbiome differentiation viewed across T1D patients and healthy controls	Human gut microbiome differentiation viewed across T1D patients and healthy controls	Human gut microbiome differentiation viewed across T1D patients and healthy controls	Human gut microbiome differentiation viewed across T1D patients and healthy controls	Human gut microbiome differentiation viewed across T1D patients and healthy controls	Human gut microbiome differentiation viewed across T1D patients and healthy controls	Human gut microbiome differentiation viewed across T1D patients and healthy controls
env_biome	ENVO:human-associated habitat	ENVO:human-associated habitat	ENVO:human-associated habitat	ENVO:human-associated habitat	ENVO:human-associated habitat	ENVO:human-associated habitat	ENVO:human-associated habitat	ENVO:human-associated habitat	ENVO:human-associated habitat	ENVO:human-associated habitat	ENVO:human-associated habitat	ENVO:human-associated habitat	ENVO:human-associated habitat	ENVO:human-associated habitat	ENVO:human-associated habitat	ENVO:human-associated habitat	ENVO:human-associated habitat	ENVO:human-associated habitat	ENVO:human-associated habitat	ENVO:human-associated habitat	ENVO:human-associated habitat	ENVO:human-associated habitat	ENVO:human-associated habitat	ENVO:human-associated habitat	ENVO:human-associated habitat	ENVO:human-associated habitat	ENVO:human-associated habitat	ENVO:human-associated habitat	ENVO:human-associated habitat
public	n	n	n	n	n	n	n	n	n	n	n	n	n	n	n	n	n	n	n	n	n	n	n	n	n	n	n	n	n
W_Kg	27.0	35.0	41.4	44.0	26.5	50.8	64.5	49.5	42.4	39.4	44.0	42.6	46.6	50.5	53.2	56.0	62.7	74.3	61.3	63.0	70.6	23.0	30.0	36.5	28.0	43.0	57.7	30.0	53.4
H_cm	1.25	1.35	1.42	1.54	1.5	1.53	1.65	1.56	1.41	1.35	1.43	1.4	1.5	1.55	1.63	1.6	1.58	1.78	1.58	1.58	1.68	1.19	1.34	1.36	1.38	1.5	1.48	1.48	1.62
BMI	17.28	19.20438957	20.53164055	18.552875699999998	11.77777778	21.70105515	23.69146006	20.34023669	21.32689503	21.61865569	21.51694459	21.73469388	20.71111111	21.01977107	20.02333547	21.875	25.11	23.45032193	24.55535972	25.23634033	25.01417234	16.24179083	16.713091	19.73399654	14.70279	19.11	26.3422206	13.6986	20.347507999999998
Delivery_Type	cesarean	cesarean	vaginal	vaginal	vaginal	vaginal	vaginal	vaginal	cesarean	vaginal	vaginal	vaginal	vaginal	cesarean	vaginal	cesarean	cesarean	vaginal	vaginal	vaginal	vaginal	vaginal	cesarean	cesarean	cesarean	vaginal	cesarean	cesarean	vaginal
Breastfeeding_time_months	10.0	1.0	15.0	7.0	12.0	1.0	6.0	12.0	4.0	3.0	0.0	1.0	6.0	4.0	2.0	2.0	12.0	7.0	2.0	11.0	0.0	6.0	12.0	3.0	12.0	12.0	3.0	12.0	6.0
breastfeeding_months_range	7-11 months	1-3 months	more than 12 months	7-11 months	more than 12 months	1-3 months	4-6 months	more than 12 months	4-6 months	1-3 months	0	1-3 months	4-6 months	4-6 months	1-3 months	1-3 months	more than 12 months	7-11 months	1-3 months	7-11 months	0	4-6 months	more than 12 months	1-3 months	more than 12 months	more than 12 months	1-3 months	more than 12 months	4-6 months
milk_formula_start_age	10 months	1 month	never	7 months	never	1 month	newborn	newborn	newborn	newborn	newborn	newborn	newborn	2 months	newborn	2 months	7 months	7 months	newborn	11 months	newborn	3 months	6 months	3 months	6 months	never	3 months	6 months	6 months
milk_formula_start_age_range	1-5 months	1-5 months	never	7-12 months	never	1-5 months	newborn	newborn	newborn	newborn	newborn	newborn	newborn	1-5 months	newborn	1-5 months	7-12 months	7-12 months	newborn	7-12 months	newborn	1-5 months	6 months	1-5 months	6 months	never	1-5 months	6 months	6 months
age_of_introduction_of_wheat_to_the_diet_months	4.0	8.0	9.0	5.0	7.0	6.0	3.0	5.0	12.0	6.0	4.0	4.0	5.0	3.0	3.0	3.0	12.0	12.0	5.0	3.0	7.0	3.0	6.0	3.0	6.0	6.0	5.0	6.0	12.0
wheat_introduction_age_range	4-6 months	7-11 months	7-11 months	4-6 months	7-11 months	4-6 months	1-3 months	4-6 months	more than 12	4-6 months	4-6 months	4-6 months	4-6 months	1-3 months	1-3 months	1-3 months	more than 12	more than 12	4-6 months	1-3 months	7-11 months	1-3 months	4-6 months	1-3 months	4-6 months	4-6 months	4-6 months	4-6 months	more than 12
Infections_per_year	3.0	5.0	6.0	4.0	2.0	5.0	4.0	6.0	8.0	8.0	8.0	3.0	10.0	5.0	8.0	5.0	6.0	10.0	5.0	3.0	5.0	4.0	5.0	3.0	10.0	3.0	2.0	10.0	2.0
infections_year_range	1-4 per year	5-8 per year	5-8 per year	1-4 per year	1-4 per year	5-8 per year	1-4 per year	5-8 per year	5-8 per year	5-8 per year	5-8 per year	1-4 per year	more than 9 per year	5-8 per year	5-8 per year	5-8 per year	5-8 per year	more than 9 per year	5-8 per year	1-4 per year	5-8 per year	1-4 per year	5-8 per year	1-4 per year	more than 9 per year	1-4 per year	1-4 per year	more than 9 per year	1-4 per year
Antibiotic_treatments_per_year	3.0	5.0	6.0	3.0	1.0	5.0	1.0	3.0	8.0	5.0	6.0	3.0	10.0	5.0	10.0	5.0	6.0	6.0	5.0	1.0	5.0	3.0	4.0	3.0	5.0	2.0	1.0	5.0	1.0
Antibiotic_range	1-4 per year	5-8 per year	5-8 per year	1-4 per year	1-4 per year	5-8 per year	1-4 per year	1-4 per year	5-8 per year	5-8 per year	5-8 per year	1-4 per year	more than 9 per year	5-8 per year	more than 9 per year	5-8 per year	5-8 per year	5-8 per year	5-8 per year	1-4 per year	5-8 per year	1-4 per year	1-4 per year	1-4 per year	5-8 per year	1-4 per year	1-4 per year	5-8 per year	1-4 per year
Comorbilities	none	none	Celiac Disease	none	none	none	none	Celiac Disease	none	none	none	none	none	none	none	none	Hypothyroidism	Hypothyroidism	none	Celiac Disease	none	none	none	none	none	none	none	none	none
DQA1_0501	negative	positive	positive	negative	negative	positive	negative	positive	negative	negative	positive	negative	positive	negative	negative	negative	negative	positive	positive	negative	negative	positive	negative	negative	negative	negative	positive	negative	negative
DQB1_0201	negative	positive	positive	positive	negative	positive	negative	positive	positive	positive	negative	negative	negative	negative	negative	negative	negative	positive	positive	positive	negative	negative	negative	negative	negative	negative	positive	negative	negative
DQA1_0301	negative	positive	positive	positive	negative	negative	positive	positive	negative	positive	negative	positive	positive	negative	negative	positive	positive	positive	negative	negative	positive	negative	negative	negative	negative	negative	negative	negative	negative
DQB1_0302_3	negative	positive	negative	positive	positive	negative	negative	negative	positive	negative	positive	negative	positive	positive	negative	negative	positive	positive	positive	negative	negative	negative	negative	positive	negative	negative	positive	negative	positive
DRB1_03	negative	negative	positive	positive	negative	positive	positive	positive	positive	positive	positive	positive	positive	negative	negative	negative	positive	negative	positive	positive	positive	negative	negative	negative	negative	negative	negative	negative	negative
DRB1_04	positive	positive	positive	positive	positive	positive	positive	negative	positive	positive	positive	positive	positive	positive	positive	positive	positive	positive	positive	positive	positive	negative	negative	negative	negative	negative	negative	negative	negative
haplotype	1 allele	DQ2-DQ8	DR3-DQ2	DR4-DQ8	2 alleles	DR3-DQ2	3 alleles	DR3-DQ2	3 alleles	3 alleles	3 alleles	3 alleles	DR4-DQ8	2 alleles	1 allele	2 alleles	DR4-DQ8	DQ2-DQ8	DR3-DQ2	3 alleles	3 alleles	1 allele	0 alleles	1 allele	0 alleles	0 alleles	DR3-DQ2	0 alleles	1 allele
Anti_GAD	positive	positive	negative	negative	positive	negative	positive	positive	positive	negative	negative	negative	positive	positive	positive	positive	negative	positive	negative	negative	positive	none	none	none	none	none	none	none	none
Anti_IA2	positive	positive	negative	negative	positive	negative	positive	positive	positive	negative	negative	positive	positive	positive	positive	positive	positive	positive	positive	negative	positive	none	none	none	none	none	none	none	none
Diagnostic	T1D	T1D	T1D	T1D	T1D	T1D	T1D	T1D	T1D	T1D	T1D	T1D	T1D	T1D	T1D	T1D	T1D	T1D	T1D	T1D	T1D	Control	Control	Control	Control	Control	Control	Control	Control
Evolution_time	new	new	new	new	new	new	new	new	old	old	old	old	old	old	old	old	old	old	old	old	old	control	control	control	control	control	control	control	control
Description	T1D more than 7 years	T1D more than 7 years	T1D more than 7 years	T1D more than 7 years	T1D more than 7 years	T1D more than 7 years	T1D more than 7 years	T1D more than 7 years	T1D more than 7 years	T1D more than 7 years	T1D more than 7 years	T1D more than 7 years	T1D more than 7 years	T1D more than 7 years	T1D more than 7 years	T1D more than 7 years	T1D more than 7 years	T1D more than 7 years	T1D more than 7 years	T1D more than 7 years	T1D more than 7 years	Control more than 7 years	Control more than 7 years	Control more than 7 years	Control more than 7 years	Control more than 7 years	Control more than 7 years	Control more than 7 years	Control more than 7 years
study_condition	T1D	T1D	T1D	T1D	T1D	T1D	T1D	T1D	T1D	T1D	T1D	T1D	T1D	T1D	T1D	T1D	T1D	T1D	T1D	T1D	T1D	H	H	H	H	H	H	H	H
k__Bacteria;p__;c__;o__;f__;g__	0.02789323999124918	0.0	0.0	0.023981085341139383	0.03348434114634627	0.00025627883136852895	0.0	0.0	0.0	0.037076271186440676	0.0	0.006191950464396285	0.0	0.06928571428571428	0.07878461952137672	0.0017897091722595079	0.0	0.056037514654161784	0.0	0.003587443946188341	0.012391304347826088	0.0	0.0011389521640091116	0.002552105487026797	0.0	0.0	0.0	0.0	0.004218885717830996
k__Bacteria;p__Actinobacteria;c__Actinobacteria;o__Bifidobacteriales;f__Bifidobacteriaceae;g__Bifidobacterium	0.0	0.0	0.0	0.0	9.848335631278314e-05	0.0007688364941055869	0.00021263023601956197	0.0	0.0	0.0	0.000586940572267058	0.0005159958720330237	0.0	0.0	0.0	0.0	0.0	0.0	0.0	0.0	0.0002173913043478261	0.0	0.0	0.0	0.0	0.0	0.0	0.0	0.0
k__Bacteria;p__Bacteroidetes;c__;o__;f__;g__	0.0	0.0	0.0	0.0	0.0	0.0	0.0	0.0	0.0	0.0	0.0	0.11093911248710012	0.0	0.0	0.0	0.0	0.0	0.0	0.1280334728033473	0.0	0.0	0.0	0.0	0.02530837941301574	0.0	0.0	0.005655803932130353	0.0	0.001489018488646234
k__Bacteria;p__Bacteroidetes;c__Bacteroidia;o__Bacteroidales;f__;g__	0.0	0.0	0.0	0.0	0.0	0.0	0.0	0.0	0.0	0.0	0.0	0.010835913312693499	0.0	0.0	0.0	0.0	0.0	0.0	0.0	0.0	0.0	0.0	0.0	0.0	0.0	0.013522079019649271	0.0	0.0	0.01799230673780866
k__Bacteria;p__Bacteroidetes;c__Bacteroidia;o__Bacteroidales;f__Bacteroidaceae;g__Bacteroides	0.6287464449792167	0.6737554374093768	0.6421731890091592	0.2487052465660887	0.5888319873941306	0.37826755509994875	0.17010418881564957	0.7543072928959168	0.4703517587939702	0.3609261501210653	0.21526045487894346	0.010319917440660475	0.6471979621542938	0.11333333333333331	0.600699112664695	0.07829977628635346	0.41640681218517644	0.26260257913247353	0.06359832635983265	0.151270553064275	0.08369565217391303	0.360127157129882	0.07327258921791951	0.08528285835814546	0.031197584703119754	0.29051341643777717	0.08860759493670886	0.15768752590136756	0.04640774289614096
k__Bacteria;p__Bacteroidetes;c__Bacteroidia;o__Bacteroidales;f__Porphyromonadaceae;g__	0.0	0.0	0.0	0.0	0.0	0.0	0.0	0.0	0.0	0.0	0.0	0.0	0.0	0.0	0.0	0.0	0.0	0.0	0.0	0.0	0.0	0.0	0.0026575550493545936	0.0	0.0057027843005702785	0.0	0.0	0.0	0.0
k__Bacteria;p__Bacteroidetes;c__Bacteroidia;o__Bacteroidales;f__Porphyromonadaceae;g__Barnesiella	0.014438853642528986	0.016916384726921217	0.0	0.02724611573969827	0.009946818987591097	0.020502306509482315	0.0	0.0	0.0	0.03571428571428571	0.013939838591342627	0.006191950464396285	0.0	0.0002380952380952381	0.0	0.019239373601789712	0.0	0.007971864009378663	0.0036820083682008366	0.001195814648729447	0.03108695652173913	0.024977293369663943	0.004555808656036446	0.05295618885580604	0.0016772895001677288	0.004859497147686457	0.007002423915970913	0.011396601740571902	0.012780742027546841
k__Bacteria;p__Bacteroidetes;c__Bacteroidia;o__Bacteroidales;f__Porphyromonadaceae;g__Butyricimonas	0.0	0.0016110842597067828	0.0	0.001013285296104481	0.007977151861335435	0.00512557662737058	0.0	0.0	0.0016080402010050252	0.0	0.020396184886280262	0.0010319917440660474	0.0027292576419213972	0.0014285714285714286	0.0	0.006263982102908278	0.0	0.01242672919109027	0.0016736401673640169	0.001195814648729447	0.003478260869565217	0.0	0.0	0.0004253509145044662	0.0036900369003690036	0.015846186351151488	0.00026932399676811203	0.004558640696228761	0.0038466310956694377
k__Bacteria;p__Bacteroidetes;c__Bacteroidia;o__Bacteroidales;f__Porphyromonadaceae;g__Odoribacter	0.024611682345219862	0.010472047688094087	0.03913405495420483	0.005291600990767845	0.018514870986803232	0.007944643772424398	0.0	0.0	0.019899497487437186	0.0	0.011885546588407923	0.0	0.002547307132459971	0.011666666666666667	0.008335574079053509	0.003131991051454139	0.02998320940273447	0.0030480656506447833	0.008033472803347281	0.001195814648729447	0.0015217391304347826	0.009536784741144414	0.0	0.0019140791152700979	0.0060382422006038244	0.009718994295372914	0.0018852679773767843	0.0	0.001489018488646234
k__Bacteria;p__Bacteroidetes;c__Bacteroidia;o__Bacteroidales;f__Porphyromonadaceae;g__Parabacteroides	0.03314373222489608	0.017077493152891896	0.02060782681099084	0.05775726187795542	0.014083119952727988	0.026909277293695542	0.0	0.002124144441822044	0.04281407035175879	0.02602905569007264	0.0491562729273661	0.0005159958720330237	0.036935953420669576	0.01476190476190476	0.11750470556601238	0.016554809843400447	0.015591268889421923	0.032825322391559206	0.017573221757322177	0.010762331838565023	0.016739130434782607	0.012715712988192553	0.015945330296127564	0.01233517652062952	0.01576652130157665	0.025776463131206424	0.03555076757339079	0.0520099461251554	0.008189601687554287
k__Bacteria;p__Bacteroidetes;c__Bacteroidia;o__Bacteroidales;f__Prevotellaceae;g__	0.0	0.0	0.0	0.0	0.0	0.0	0.00042526047203912394	0.0	0.0	0.0	0.012765957446808512	0.08307533539731682	0.0	0.0019047619047619052	0.0	0.004921700223713647	0.0	0.0021101992966002345	0.020585774058577404	0.0	0.13673913043478264	0.0	0.005315110098709187	0.005742237345810294	0.03086212680308621	0.0021128248468201987	0.002962563964449233	0.006009117281392458	0.017123712619431693
k__Bacteria;p__Bacteroidetes;c__Bacteroidia;o__Bacteroidales;f__Prevotellaceae;g__Paraprevotella	0.0	0.0	0.0	0.0	0.009355918849714399	0.0	0.0	0.0	0.0	0.0	0.0	0.0	0.0	0.0	0.0	0.0	0.0	0.0065650644783118405	0.005355648535564854	0.015246636771300448	0.0026086956521739132	0.0	0.0037965072133637054	0.0012760527435133986	0.0030191211003019122	0.009718994295372914	0.0005386479935362241	0.0	0.004218885717830996
k__Bacteria;p__Bacteroidetes;c__Bacteroidia;o__Bacteroidales;f__Prevotellaceae;g__Prevotella	0.0	0.0	0.0	0.0	0.0	0.0274218349564326	0.23516904103763553	0.0	0.0	0.040102905569007266	0.06881878209831253	0.31424148606811164	0.0	0.18809523809523798	0.0	0.4402684563758388	0.0	0.23165298944900353	0.43665271966527186	0.21763826606875933	0.2604347826086957	0.00045413260672116256	0.5501138952164011	0.35644406635474263	0.6682321368668231	0.2934713712233254	0.4969027740371666	0.5563613758806467	0.42908549447822314
k__Bacteria;p__Bacteroidetes;c__Bacteroidia;o__Bacteroidales;f__Prevotellaceae;g__Xylanibacter	0.0	0.0	0.0	0.0	0.0	0.0	0.0023389325962151816	0.0	0.0	0.0	0.0008804108584005868	0.0041279669762641896	0.0	0.002142857142857143	0.0	0.005816554809843401	0.0	0.0009378663540445487	0.008368200836820085	0.0	0.001956521739130435	0.0	0.008352315869400152	0.0031901318587834963	0.005031868500503188	0.0021128248468201987	0.007271747912739025	0.007459593866556155	0.0059560739545849355
k__Bacteria;p__Bacteroidetes;c__Bacteroidia;o__Bacteroidales;f__Rikenellaceae;g__Alistipes	0.05534893896302779	0.08103753826325116	0.09637801831806828	0.06304886286872326	0.07199133346464447	0.05228088159917991	0.0	0.0	0.06673366834170855	0.006809927360774819	0.09948642699926633	0.0041279669762641896	0.012554585152838428	0.02428571428571429	0.006991126646948105	0.02013422818791947	0.2849604221635884	0.05720984759671747	0.01690376569037657	0.007473841554559044	0.010652173913043477	0.18528610354223435	0.002277904328018223	0.01446193109315185	0.0060382422006038244	0.04246777942108599	0.0008079719903043361	0.006837961044343141	0.004094800843777143
k__Bacteria;p__Bacteroidetes;c__Cytophagia;o__Cytophagales;f__Cytophagaceae;g__	0.0	0.0	0.0	0.0	0.0	0.0	0.0	0.0	0.0	0.0	0.0	0.0	0.0	0.0	0.0	0.0	0.0	0.0	0.0	0.0	0.0	0.0	0.0	0.0	0.0036900369003690036	0.0	0.0	0.0	0.0
k__Bacteria;p__Cyanobacteria/Chloroplast;c__;o__;f__;g__	0.0	0.0	0.0	0.006867822562485927	0.0	0.0	0.0	0.0	0.0	0.0	0.0719002201027146	0.0025799793601651187	0.0	0.0	0.0	0.0	0.0	0.0	0.0	0.0035874439461883413	0.0	0.0	0.0	0.0	0.0	0.0	0.0	0.0	0.030152624395086237
k__Bacteria;p__Elusimicrobia;c__Elusimicrobia;o__Elusimicrobiales;f__Elusimicrobiaceae;g__Elusimicrobium	0.0	0.0	0.0	0.0	0.0	0.0	0.0	0.0	0.0	0.0	0.0	0.0	0.0	0.0	0.0	0.0	0.0	0.0	0.024267782426778243	0.0	0.0	0.0	0.0	0.0	0.0	0.009507711810690893	0.0	0.0	0.0
k__Bacteria;p__Firmicutes;c__;o__;f__;g__	0.0006563115292058631	0.0	0.0	0.026345417698716504	0.04412054362812684	0.011019989748846746	0.0	0.0	0.0	0.0	0.0	0.0	0.0	0.11333333333333333	0.0	0.0008948545861297539	0.0	0.033294255568581475	0.0	0.00029895366218236175	0.0017391304347826088	0.023614895549500452	0.0	0.005104210974053594	0.0	0.0	0.0	0.00020721094073767094	0.0006204243702692642
k__Bacteria;p__Firmicutes;c__Bacilli;o__Lactobacillales;f__;g__	0.0	0.0	0.0	0.0	0.0	0.0	0.00021263023601956197	0.0	0.0	0.0	0.0	0.0	0.0	0.0	0.0005377789728421619	0.0	0.0	0.00023446658851113716	0.0	0.0	0.0002173913043478261	0.0	0.0	0.0	0.0010063737001006373	0.0	0.00269323996768112	0.0	0.0
k__Bacteria;p__Firmicutes;c__Bacilli;o__Lactobacillales;f__Enterococcaceae;g__Enterococcus	0.0	0.0	0.0	0.0	0.00019696671262556627	0.0	0.0	0.0004720320981826764	0.0	0.0	0.0	0.0	0.0001819505094614265	0.0	0.0	0.0	0.0	0.0	0.0	0.00029895366218236175	0.0004347826086956522	0.0	0.0018982536066818527	0.0	0.0	0.0	0.0	0.0	0.0
k__Bacteria;p__Firmicutes;c__Bacilli;o__Lactobacillales;f__Lactobacillaceae;g__Lactobacillus	0.0	0.0	0.0	0.0	0.0	0.0	0.11545821815862216	0.0007080481472740147	0.0	0.0	0.0	0.0	0.0	0.0	0.0	0.0	0.0	0.0	0.0	0.0	0.0	0.0	0.0	0.0	0.0	0.0	0.0	0.0	0.0
k__Bacteria;p__Firmicutes;c__Bacilli;o__Lactobacillales;f__Streptococcaceae;g__Lactococcus	0.0	0.00016110842597067828	0.0	0.0	9.848335631278314e-05	0.0005125576627370579	0.00021263023601956197	0.0	0.0	0.0	0.0	0.0	0.0	0.0002380952380952381	0.0	0.0	0.0	0.00023446658851113716	0.0	0.0	0.003043478260869565	0.0	0.0030372057706909645	0.0	0.0	0.0	0.0	0.0	0.0
k__Bacteria;p__Firmicutes;c__Bacilli;o__Lactobacillales;f__Streptococcaceae;g__Streptococcus	0.00010938525486764385	0.00032221685194135655	0.010199833472106578	0.0012384598063499212	0.0017727004136300966	0.00025627883136852895	0.0	0.02525371725277319	0.0004020100502512563	0.0003026634382566586	0.0001467351430667645	0.011867905056759546	0.00363901018922853	0.0002380952380952381	0.0	0.0013422818791946308	0.0014391940513312545	0.00023446658851113716	0.0	0.0	0.003043478260869565	0.0013623978201634877	0.00037965072133637056	0.0	0.0	0.0	0.0008079719903043361	0.0	0.0011167638664846755
k__Bacteria;p__Firmicutes;c__Clostridia;o__;f__;g__	0.0013126230584117262	0.0014499758337361043	0.0	0.02082864219770322	0.015264920228481386	0.005894413121476166	0.0	0.0	0.00020100502512562814	0.0	0.0	0.0005159958720330237	0.0	0.0002380952380952381	0.0	0.006711409395973154	0.0	0.003985932004689332	0.0010041841004184101	0.01195814648729447	0.01152173913043478	0.0	0.00037965072133637056	0.0014887282007656317	0.0003354579000335458	0.0004225649693640397	0.0	0.0	0.036729122719940444
k__Bacteria;p__Firmicutes;c__Clostridia;o__Clostridiales;f__;g__	0.01739225552395537	0.008055421298533913	0.005620316402997502	0.0711551452375591	0.012211936182785108	0.1143003587903639	0.0008505209440782479	0.0	0.03477386934673367	0.03526029055690073	0.015994130594277328	0.014447884416924664	0.001091703056768559	0.06333333333333334	0.0021511158913686476	0.01700223713646532	0.012233149436315663	0.019695193434935525	0.01171548117154812	0.03378176382660687	0.011739130434782608	0.00544959128065395	0.005315110098709188	0.052105487026797105	0.0023482053002348204	0.02619902810057046	0.00538647993536224	0.0012432656444260257	0.025065144558878275
k__Bacteria;p__Firmicutes;c__Clostridia;o__Clostridiales;f__Clostridiaceae_1;g__Clostridium_sensu_stricto	0.00010938525486764385	0.0012888674077654262	0.0	0.00022517451024544022	9.848335631278314e-05	0.0	0.0	0.003068208638187397	0.004020100502512563	0.0001513317191283293	0.000293470286133529	0.0	0.0	0.002380952380952381	0.0	0.0	0.0	0.001406799531066823	0.0010041841004184101	0.0014947683109118087	0.0	0.0	0.0015186028853454822	0.0036154827732879625	0.0	0.0	0.007541071909507137	0.0010360547036883548	0.00012408487405385284
k__Bacteria;p__Firmicutes;c__Clostridia;o__Clostridiales;f__Clostridiales_Incertae_Sedis_XIII;g__Anaerovorax	0.0	0.00016110842597067828	0.0	0.00045034902049088043	9.848335631278314e-05	0.0007688364941055869	0.0	0.0	0.0	0.0003026634382566586	0.003815113719735877	0.0	0.0	0.0004761904761904762	0.0	0.0	0.0007195970256656273	0.00023446658851113716	0.00033472803347280337	0.00029895366218236175	0.0010869565217391304	0.0	0.0	0.0	0.0	0.0	0.0	0.0	0.0002481697481077057
k__Bacteria;p__Firmicutes;c__Clostridia;o__Clostridiales;f__Lachnospiraceae;g__	0.05403631590461606	0.016433059449009184	0.018734388009991672	0.10256698941679802	0.010931652550718927	0.04484879548949256	0.037635551775462475	0.0004720320981826764	0.040804020100502505	0.12530266343825666	0.02054292002934703	0.02476780185758514	0.005094614264919942	0.05714285714285715	0.012637805861790804	0.07337807606263982	0.020148716718637567	0.028135990621336454	0.015732217573221758	0.1449925261584454	0.08391304347826088	0.03542234332425068	0.036826119969627945	0.0712462781794981	0.004360952700436095	0.020705683498837946	0.02774037166711554	0.00870285951098218	0.027050502543739925
k__Bacteria;p__Firmicutes;c__Clostridia;o__Clostridiales;f__Lachnospiraceae;g__Anaerostipes	0.0008750820389411508	0.00032221685194135655	0.00020815986677768527	0.0020265705922089617	0.0005909001378766988	0.00025627883136852895	0.0	0.0	0.0	0.0001513317191283293	0.001760821716801174	0.0005159958720330237	0.0	0.0014285714285714286	0.0005377789728421619	0.0	0.003837850803550012	0.0004689331770222743	0.0	0.0	0.0002173913043478261	0.0	0.0	0.0	0.0	0.0	0.0005386479935362241	0.0	0.0
k__Bacteria;p__Firmicutes;c__Clostridia;o__Clostridiales;f__Lachnospiraceae;g__Blautia	0.0002187705097352877	0.0	0.0008326394671107411	0.005629362756136005	0.0005909001378766989	0.0020502306509482316	0.00318945354029343	0.0002360160490913382	0.001407035175879397	0.0028753026634382567	0.0019075568598679385	0.0005159958720330237	0.006004366812227074	0.0038095238095238095	0.004033342296316214	0.005369127516778524	0.000959462700887503	0.001406799531066823	0.0	0.001195814648729447	0.0015217391304347826	0.0036330608537693005	0.00037965072133637056	0.0034028073160357296	0.0006709158000670916	0.0008451299387280794	0.00026932399676811203	0.0010360547036883548	0.002357612607023204
k__Bacteria;p__Firmicutes;c__Clostridia;o__Clostridiales;f__Lachnospiraceae;g__Clostridium_XlVa	0.0007656967840735069	0.0009666505558240696	0.00749375520399667	0.019815356901598736	0.0010833169194406145	0.00743208610968734	0.0044652349564108015	0.0004720320981826764	0.002613065326633166	0.0043886198547215495	0.006603081438004402	0.0025799793601651187	0.01091703056768559	0.004523809523809524	0.00026888948642108095	0.0017897091722595079	0.004317582153993763	0.002579132473622509	0.0008368200836820084	0.006576980568011959	0.004130434782608696	0.005903723887375113	0.0015186028853454822	0.002126754572522331	0.0003354579000335458	0.0027466723008662585	0.003231887961217344	0.0016576875259013675	0.0011167638664846755
k__Bacteria;p__Firmicutes;c__Clostridia;o__Clostridiales;f__Lachnospiraceae;g__Clostridium_XlVb	0.0005469262743382192	0.0	0.0010407993338884263	0.0013510470614726414	0.0014772503446917472	0.009482316760635571	0.0	0.0	0.0010050251256281408	0.0016646489104116223	0.0017608217168011738	0.0005159958720330237	0.0032751091703056767	0.002142857142857143	0.0016133369185264857	0.0031319910514541385	0.002638522427440633	0.0004689331770222743	0.0	0.001195814648729447	0.0008695652173913044	0.003178928247048138	0.0011389521640091118	0.0010633772862611655	0.007715531700771553	0.0019015423621381788	0.0018852679773767843	0.0033153750518027355	0.0006204243702692642
k__Bacteria;p__Firmicutes;c__Clostridia;o__Clostridiales;f__Lachnospiraceae;g__Coprococcus	0.002297090352220521	0.0019333011116481392	0.0197751873438801	0.005629362756136006	0.0014772503446917472	0.006406970784213224	0.02253880501807357	0.0	0.02472361809045226	0.013317191283292978	0.005869405722670579	0.006707946336429309	0.0009097525473071324	0.028333333333333335	0.0013444474321054048	0.03713646532438479	0.007195970256656272	0.004689331770222743	0.010711297071129708	0.004783258594917788	0.010434782608695653	0.002270663033605813	0.004935459377372817	0.0014887282007656317	0.0	0.002324107331502218	0.004847831941826017	0.0008288437629506838	0.002853952103238615
k__Bacteria;p__Firmicutes;c__Clostridia;o__Clostridiales;f__Lachnospiraceae;g__Dorea	0.00032815576460293154	0.0	0.00041631973355537054	0.0024769196126998424	0.0011818002757533975	0.0005125576627370579	0.0008505209440782479	0.0	0.00020100502512562814	0.0001513317191283293	0.002347762289068232	0.001547987616099071	0.0	0.0004761904761904762	0.0	0.0	0.0014391940513312545	0.0	0.0016736401673640166	0.00029895366218236175	0.004130434782608695	0.0018165304268846503	0.0026575550493545936	0.0002126754572522331	0.0026836632002683663	0.00021128248468201986	0.0021545919741448962	0.0004144218814753419	0.000744509244323117
k__Bacteria;p__Firmicutes;c__Clostridia;o__Clostridiales;f__Lachnospiraceae;g__Lachnospiracea_incertae_sedis	0.024064756070881644	0.02239407120992428	0.015403830141548709	0.07768520603467688	0.022848138664565688	0.01691440287032291	0.021050393365936636	0.0	0.018090452261306532	0.041918886198547216	0.020102714600146735	0.013415892672858616	0.0	0.03642857142857143	0.009948910997579994	0.03042505592841164	0.06380426960901896	0.05580304806565064	0.07832635983263599	0.03258594917787743	0.05565217391304348	0.04950045413260672	0.07251328777524677	0.04487452148022119	0.0023482053002348204	0.01394464398901331	0.011311607864260706	0.006216328222130129	0.007693262191338876
k__Bacteria;p__Firmicutes;c__Clostridia;o__Clostridiales;f__Lachnospiraceae;g__Roseburia	0.0075475825858674255	0.008055421298533913	0.0010407993338884263	0.018576897095248818	0.004431751034075241	0.0038441824705279346	0.021688284073995322	0.0	0.031155778894472363	0.07990314769975787	0.008950843727072633	0.007739938080495355	0.0	0.022857142857142857	0.0026888948642108095	0.01610738255033557	0.0004797313504437515	0.016178194607268465	0.005188284518828452	0.05321375186846039	0.015217391304347827	0.007266121707538601	0.004176157934700076	0.042960442364951085	0.0020127474002012745	0.03486160997253328	0.011850255857796928	0.0072523829258184834	0.020722173966993423
k__Bacteria;p__Firmicutes;c__Clostridia;o__Clostridiales;f__Lachnospiraceae;g__Ruminococcus2	0.0006563115292058631	0.00032221685194135655	0.0016652789342214821	0.0016888088268408015	0.001378766988378964	0.0038441824705279346	0.0	0.0	0.0	0.0016646489104116223	0.0033749082905355833	0.0010319917440660474	0.0001819505094614265	0.007619047619047619	0.00026888948642108095	0.0	0.003597985128328136	0.0037514654161781946	0.0	0.00029895366218236175	0.006304347826086956	0.006357856494096276	0.006074411541381928	0.0006380263717566993	0.0	0.0012676949080921193	0.00269323996768112	0.0004144218814753419	0.00012408487405385284
k__Bacteria;p__Firmicutes;c__Clostridia;o__Clostridiales;f__Lachnospiraceae;g__Syntrophococcus	0.0	0.0	0.0	0.0	0.0	0.0	0.0	0.0	0.0	0.0	0.0	0.005159958720330237	0.0	0.0	0.0	0.0	0.0	0.0	0.0	0.0	0.0	0.0	0.0	0.0	0.0	0.0	0.0	0.0	0.0
k__Bacteria;p__Firmicutes;c__Clostridia;o__Clostridiales;f__Peptococcaceae_1;g__	0.00010938525486764385	0.0	0.0	0.0	0.0007878668505022651	0.0	0.0	0.0	0.0	0.0	0.0	0.0	0.0	0.0	0.0	0.0	0.0	0.0016412661195779601	0.0	0.0	0.0	0.0	0.0	0.0	0.0	0.0	0.0	0.0	0.0
k__Bacteria;p__Firmicutes;c__Clostridia;o__Clostridiales;f__Peptococcaceae_1;g__Dehalobacter	0.0	0.0	0.0	0.006079711776626886	0.0	0.0	0.0	0.0	0.0032160804020100503	0.0	0.0008804108584005869	0.0	0.0	0.0	0.0	0.0	0.0	0.0	0.0	0.0	0.0	0.0	0.0	0.0	0.0	0.0	0.0	0.0	0.0
k__Bacteria;p__Firmicutes;c__Clostridia;o__Clostridiales;f__Peptostreptococcaceae;g__Clostridium_XI	0.0002187705097352877	0.0	0.00020815986677768527	0.0	0.0	0.0	0.0	0.0002360160490913382	0.0008040201005025126	0.0006053268765133172	0.0008804108584005869	0.0	0.0	0.0016666666666666668	0.0	0.0	0.00023986567522187575	0.00023446658851113716	0.00033472803347280337	0.004185351270553065	0.0002173913043478261	0.0	0.017084282460136675	0.0	0.0	0.0	0.00026932399676811203	0.0026937422295897225	0.0
k__Bacteria;p__Firmicutes;c__Clostridia;o__Clostridiales;f__Ruminococcaceae;g__	0.01651717348501422	0.005155469631061705	0.00832639467110741	0.02904751182166179	0.007977151861335434	0.02998462327011788	0.06527748245800553	0.0	0.017688442211055276	0.037832929782082324	0.034629493763756417	0.02321981424148607	0.04785298398835517	0.030000000000000002	0.007260016133369186	0.03624161073825504	0.009834492684096906	0.01758499413833529	0.008702928870292887	0.05381165919282511	0.02456521739130435	0.019073569482288825	0.012148823082763858	0.033815397703105064	0.0036900369003690036	0.010352841749418975	0.02262321572852141	0.002486531288852052	0.01228440253133143
k__Bacteria;p__Firmicutes;c__Clostridia;o__Clostridiales;f__Ruminococcaceae;g__Anaerofilum	0.0	0.0004833252779120348	0.0	0.0	0.0	0.0	0.0	0.0	0.0	0.0	0.0	0.0005159958720330237	0.0	0.0011904761904761906	0.0	0.0	0.0	0.0011723329425556857	0.0006694560669456067	0.0020926756352765323	0.0010869565217391304	0.0	0.0	0.0	0.0	0.0008451299387280794	0.0010772959870724481	0.0	0.0006204243702692642
k__Bacteria;p__Firmicutes;c__Clostridia;o__Clostridiales;f__Ruminococcaceae;g__Butyricicoccus	0.00010938525486764385	0.0	0.0020815986677768525	0.001125872551227201	0.0	0.004100461301896463	0.0034020837763129915	0.0	0.0	0.0009079903147699758	0.000586940572267058	0.0015479876160990713	0.0027292576419213972	0.0014285714285714286	0.00026888948642108095	0.0008948545861297539	0.0	0.0	0.00033472803347280337	0.00029895366218236175	0.0010869565217391304	0.0	0.004176157934700076	0.0002126754572522331	0.0003354579000335458	0.0004225649693640397	0.0008079719903043361	0.0016576875259013675	0.0008685941183769699
k__Bacteria;p__Firmicutes;c__Clostridia;o__Clostridiales;f__Ruminococcaceae;g__Clostridium_III	0.0	0.0	0.0	0.0	0.0013787669883789638	0.0	0.0	0.0	0.0	0.0	0.0	0.0	0.0	0.0	0.0	0.0	0.0	0.0	0.0	0.0	0.0	0.0	0.0	0.0	0.0013418316001341832	0.0	0.0	0.0	0.0008685941183769699
k__Bacteria;p__Firmicutes;c__Clostridia;o__Clostridiales;f__Ruminococcaceae;g__Clostridium_IV	0.0004375410194705754	0.00032221685194135655	0.002289758534554538	0.0028146813780680026	0.0004924167815639157	0.00025627883136852895	0.0	0.0	0.00221105527638191	0.0013619854721549638	0.001467351430667645	0.0	0.0005458515283842794	0.002380952380952381	0.0	0.0	0.012473015111537538	0.0004689331770222743	0.0018410041841004185	0.003288490284005979	0.004130434782608696	0.00045413260672116256	0.0	0.0004253509145044662	0.0003354579000335458	0.0006338474540460595	0.0	0.0	0.0003722546221615585
k__Bacteria;p__Firmicutes;c__Clostridia;o__Clostridiales;f__Ruminococcaceae;g__Ethanoligenens	0.0	0.0	0.0	0.0	0.020878471538310024	0.0046130189646335215	0.0	0.0	0.0004020100502512563	0.0	0.015113719735876743	0.006707946336429309	0.0	0.0004761904761904762	0.0	0.0044742729306487695	0.0	0.0	0.0023430962343096236	0.0	0.001956521739130435	0.0	0.0	0.0004253509145044662	0.0003354579000335458	0.001267694908092119	0.00026932399676811203	0.0	0.002233527732969351
k__Bacteria;p__Firmicutes;c__Clostridia;o__Clostridiales;f__Ruminococcaceae;g__Faecalibacterium	0.0364252898709254	0.009827613984211375	0.04704412989175686	0.09941454627336187	0.027772306480204848	0.05791901588928754	0.004039974484371678	0.0	0.0635175879396985	0.09291767554479419	0.11474688187820983	0.02786377708978328	0.06168122270742358	0.08071428571428571	0.05539123420274267	0.06129753914988814	0.029263612377068843	0.012192262602579131	0.019581589958158997	0.15246636771300448	0.015	0.07992733878292461	0.02619589977220957	0.06188855806039983	0.0033545790003354577	0.024086203253750264	0.007002423915970913	0.00435142975549109	0.04318153617074079
k__Bacteria;p__Firmicutes;c__Clostridia;o__Clostridiales;f__Ruminococcaceae;g__Flavonifractor	0.0	0.00016110842597067828	0.0018734388009991674	0.0	9.848335631278314e-05	0.00025627883136852895	0.00021263023601956197	0.0	0.00020100502512562814	0.0004539951573849879	0.0007336757153338224	0.0005159958720330237	0.0005458515283842794	0.0004761904761904762	0.0016133369185264857	0.0	0.0004797313504437515	0.0	0.00033472803347280337	0.00029895366218236175	0.0006521739130434783	0.0013623978201634877	0.00037965072133637056	0.0004253509145044662	0.0	0.00021128248468201986	0.00026932399676811203	0.0008288437629506838	0.00012408487405385284
k__Bacteria;p__Firmicutes;c__Clostridia;o__Clostridiales;f__Ruminococcaceae;g__Oscillibacter	0.00743819733099978	0.009505397132270018	0.01582014987510408	0.024093672596262102	0.02018908804412054	0.07534597642234751	0.013395704869232404	0.0	0.03959798994974874	0.0028753026634382567	0.05546588407923698	0.06295149638802888	0.006368267831149927	0.03142857142857143	0.018822264049475665	0.02416107382550336	0.028544015351403215	0.048534583821805394	0.04686192468619247	0.01704035874439462	0.042826086956521736	0.05858310626702997	0.009870918754745635	0.017226712037430883	0.013082858101308286	0.022607225860976125	0.01077295987072448	0.007666804807293825	0.02506514455887827
k__Bacteria;p__Firmicutes;c__Clostridia;o__Clostridiales;f__Ruminococcaceae;g__Ruminococcus	0.0016407788230146576	0.00032221685194135655	0.01186511240632806	0.007768520603467688	0.004234784321449675	0.00025627883136852895	0.0	0.0	0.0	0.0	0.001173881144534116	0.001547987616099071	0.0	0.005714285714285714	0.0008066684592632429	0.0008948545861297539	0.0007195970256656273	0.004454865181711606	0.004853556485355648	0.00029895366218236175	0.0017391304347826088	0.010899182561307902	0.0007593014426727411	0.0004253509145044662	0.0	0.0004225649693640397	0.00134661998384056	0.0	0.002233527732969351
k__Bacteria;p__Firmicutes;c__Clostridia;o__Clostridiales;f__Ruminococcaceae;g__Sporobacter	0.00010938525486764385	0.0	0.0	0.00022517451024544022	9.848335631278314e-05	0.0007688364941055869	0.0	0.0	0.0	0.0	0.00044020542920029346	0.0005159958720330237	0.0	0.0002380952380952381	0.00026888948642108095	0.0	0.0021587910769968817	0.0	0.00016736401673640169	0.0	0.0006521739130434783	0.0	0.0	0.0004253509145044662	0.0	0.0	0.0	0.0	0.0
k__Bacteria;p__Firmicutes;c__Erysipelotrichia;o__Erysipelotrichales;f__Erysipelotrichaceae;g__	0.0	0.00016110842597067828	0.0	0.006755235307363206	0.0	0.0	0.0	0.0	0.0	0.0	0.0	0.0030959752321981426	0.0	0.002619047619047619	0.0	0.0	0.0	0.0	0.0	0.001195814648729447	0.0	0.0	0.0	0.0	0.0	0.0	0.0	0.0	0.0
k__Bacteria;p__Firmicutes;c__Erysipelotrichia;o__Erysipelotrichales;f__Erysipelotrichaceae;g__Catenibacterium	0.0	0.0	0.0	0.0	0.0	0.0	0.0	0.0	0.0	0.0	0.0	0.005675954592363261	0.0	0.0	0.0	0.0	0.0	0.0	0.00016736401673640169	0.0	0.0008695652173913044	0.0	0.0	0.0	0.0003354579000335458	0.0	0.0	0.0	0.0
k__Bacteria;p__Firmicutes;c__Erysipelotrichia;o__Erysipelotrichales;f__Erysipelotrichaceae;g__Clostridium_XVIII	0.0002187705097352877	0.00032221685194135655	0.00041631973355537054	0.0034902049088043233	0.0012802836320661808	0.0005125576627370579	0.00042526047203912394	0.0	0.0	0.004993946731234867	0.0013206162876008803	0.0	0.005276564774381369	0.005	0.0024200053777897286	0.0	0.005037179179659391	0.00023446658851113716	0.0	0.0005979073243647235	0.0	0.0022706630336058126	0.0	0.0006380263717566993	0.0	0.0010564124234100991	0.00134661998384056	0.0	0.0
k__Bacteria;p__Firmicutes;c__Erysipelotrichia;o__Erysipelotrichales;f__Erysipelotrichaceae;g__Coprobacillus	0.0	0.0	0.0	0.0006755235307363207	0.0	0.0	0.0	0.0	0.0	0.006053268765133172	0.010564930300807043	0.0036119711042311665	0.0	0.010714285714285714	0.0	0.004026845637583893	0.0011993283761093788	0.0011723329425556857	0.0011715481171548118	0.003587443946188341	0.0017391304347826088	0.0	0.0	0.0014887282007656317	0.0	0.0	0.0016159439806086723	0.0	0.0011167638664846755
k__Bacteria;p__Firmicutes;c__Erysipelotrichia;o__Erysipelotrichales;f__Erysipelotrichaceae;g__Erysipelotrichaceae_incertae_sedis	0.0017501640778823015	0.0	0.0	0.0	0.0	0.0007688364941055869	0.0	0.0	0.0	0.0001513317191283293	0.0067498165810711665	0.005159958720330237	0.0032751091703056767	0.0014285714285714286	0.0008066684592632429	0.0	0.00023986567522187575	0.0021101992966002345	0.0016736401673640169	0.00029895366218236175	0.00608695652173913	0.00045413260672116256	0.0	0.0008507018290089324	0.0016772895001677288	0.0038030847242763576	0.0	0.0	0.0003722546221615585
k__Bacteria;p__Firmicutes;c__Erysipelotrichia;o__Erysipelotrichales;f__Erysipelotrichaceae;g__Turicibacter	0.00010938525486764385	0.0014499758337361043	0.0	0.0	9.848335631278314e-05	0.0	0.0	0.0014160962945480293	0.0	0.0	0.0	0.0	0.0	0.0	0.0	0.0	0.0	0.0	0.00033472803347280337	0.0014947683109118087	0.0	0.0	0.0	0.0	0.0	0.0	0.0	0.0	0.0
k__Bacteria;p__Firmicutes;c__Negativicutes;o__Selenomonadales;f__;g__	0.0	0.045915901401643304	0.0035387177352206494	0.007993695113713128	0.00019696671262556627	0.0023065094823167607	0.00042526047203912394	0.0	0.0	0.0	0.0001467351430667645	0.0	0.006368267831149927	0.0	0.04436676525947835	0.0	0.0	0.0	0.0	0.001195814648729447	0.0	0.04041780199818347	0.0007593014426727411	0.0002126754572522331	0.0	0.0	0.0	0.00020721094073767094	0.00012408487405385284
k__Bacteria;p__Firmicutes;c__Negativicutes;o__Selenomonadales;f__Acidaminococcaceae;g__	0.0	0.0	0.0	0.0	0.0073862517234587356	0.0	0.0	0.0	0.0	0.024213075060532687	0.03433602347762289	0.0020639834881320948	0.0	0.0	0.0	0.0	0.0	0.029308323563892145	0.019414225941422593	0.0	0.04739130434782609	0.0	0.0	0.02403232666950234	0.038913116403891314	0.05451088104796112	0.0	0.0	0.007321007569177317
k__Bacteria;p__Firmicutes;c__Negativicutes;o__Selenomonadales;f__Acidaminococcaceae;g__Acidaminococcus	0.0	0.0004833252779120348	0.0	0.0	0.0071892850108331696	0.0	0.0	0.0	0.0020100502512562816	0.0	0.000293470286133529	0.0	0.0	0.0	0.0	0.006711409395973154	0.0	0.0	0.003179916317991632	0.0005979073243647235	0.0	0.0	0.00037965072133637056	0.0	0.05367326400536732	0.0004225649693640397	0.040667923511984914	0.029009531703273934	0.0012408487405385284
k__Bacteria;p__Firmicutes;c__Negativicutes;o__Selenomonadales;f__Veillonellaceae;g__Dialister	0.016735943994749508	0.0004833252779120348	0.0008326394671107411	0.00011258725512272011	9.848335631278314e-05	0.05099948744233727	0.11078035296619179	0.0	0.014070351758793969	0.0	0.0010271460014673515	0.08720330237358101	0.035480349344978165	0.014285714285714285	0.0	0.05503355704697987	0.0	0.00023446658851113716	0.00016736401673640169	0.018535127055306428	0.0002173913043478261	0.0036330608537693005	0.05580865603644647	0.0	0.006709158000670915	0.00021128248468201986	0.07702666307568004	0.04973062577704102	0.026554163047524504
k__Bacteria;p__Firmicutes;c__Negativicutes;o__Selenomonadales;f__Veillonellaceae;g__Megamonas	0.0	0.0	0.011240632805995004	0.0	0.0	0.0	0.0	0.0	0.0	0.0	0.002347762289068232	0.0	0.0	0.0	0.0	0.0	0.0	0.0004689331770222743	0.0	0.0	0.0	0.0	0.011389521640091117	0.04572522330923011	0.009057363300905737	0.0	0.0	0.024658101947782844	0.0
k__Bacteria;p__Firmicutes;c__Negativicutes;o__Selenomonadales;f__Veillonellaceae;g__Megasphaera	0.0	0.0	0.0	0.0	0.0	0.0	0.02998086327875824	0.0	0.0	0.0	0.0016140865737344094	0.0041279669762641896	0.0	0.0	0.0	0.0	0.0	0.0	0.0030125523012552303	0.0	0.00826086956521739	0.0	0.0011389521640091116	0.0	0.0	0.0006338474540460595	0.0	0.0	0.002233527732969351
k__Bacteria;p__Firmicutes;c__Negativicutes;o__Selenomonadales;f__Veillonellaceae;g__Mitsuokella	0.0	0.0	0.0	0.0	0.00029545006893834944	0.0	0.0	0.0	0.0	0.0	0.007336757153338224	0.04231166150670794	0.0	0.0	0.0	0.0	0.0	0.0	0.013221757322175733	0.01554559043348281	0.03239130434782609	0.0	0.0	0.0	0.0013418316001341832	0.013522079019649271	0.06194451925666577	0.007874015748031496	0.00012408487405385284
k__Bacteria;p__Firmicutes;c__Negativicutes;o__Selenomonadales;f__Veillonellaceae;g__Selenomonas	0.0	0.0	0.0	0.0	0.0	0.0	0.0	0.0	0.0	0.0	0.0	0.011351909184726523	0.0	0.0	0.0	0.0	0.0	0.0	0.0	0.0	0.0	0.0	0.0	0.0	0.0	0.0	0.0	0.0	0.015014269760516194
k__Bacteria;p__Firmicutes;c__Negativicutes;o__Selenomonadales;f__Veillonellaceae;g__Veillonella	0.0	0.004833252779120349	0.004787676935886761	0.00022517451024544022	0.0005909001378766989	0.00025627883136852895	0.00021263023601956197	0.0	0.0022110552763819095	0.0001513317191283293	0.001173881144534116	0.0010319917440660474	0.008187772925764192	0.0007142857142857143	0.0	0.0013422818791946308	0.000959462700887503	0.0	0.0005020920502092051	0.00029895366218236175	0.002173913043478261	0.004087193460490463	0.00037965072133637056	0.0	0.0	0.0	0.0005386479935362241	0.0012432656444260257	0.005211564710261819
k__Bacteria;p__Fusobacteria;c__Fusobacteriia;o__Fusobacteriales;f__Fusobacteriaceae;g__Fusobacterium	0.0	0.0	0.0008326394671107411	0.0	0.0	0.004100461301896463	0.0	0.0	0.0	0.0	0.0	0.0	0.030385735080058224	0.0	0.0	0.0	0.0	0.0	0.0	0.0	0.0	0.0	0.0	0.007018290089323692	0.0	0.0006338474540460595	0.0	0.00020721094073767094	0.00012408487405385284
k__Bacteria;p__Lentisphaerae;c__Lentisphaeria;o__Victivallales;f__Victivallaceae;g__Victivallis	0.0	0.0	0.0	0.00022517451024544022	0.00029545006893834944	0.00025627883136852895	0.0	0.0	0.0	0.0	0.0	0.0020639834881320948	0.0	0.0	0.0	0.0	0.0	0.0	0.00016736401673640169	0.0	0.0	0.0	0.0	0.0	0.0	0.0	0.0	0.0	0.0
k__Bacteria;p__Proteobacteria;c__Betaproteobacteria;o__;f__;g__	0.0056880332531174796	0.007088770742709844	0.0	0.0	0.0004924167815639157	0.0	0.0	0.0	0.004623115577889447	0.0	0.0	0.0	0.0001819505094614265	0.0	0.0	0.0	0.0	0.0	0.0	0.0	0.0	0.0	0.004935459377372817	0.0	0.0	0.0	0.0	0.0	0.0008685941183769699
k__Bacteria;p__Proteobacteria;c__Betaproteobacteria;o__Burkholderiales;f__;g__	0.0	0.0	0.0	0.0	0.0	0.0	0.02041250265787795	0.0	0.03919597989949749	0.0	0.0	0.011351909184726523	0.0	0.0	0.0	0.0	0.0	0.009613130128956624	0.0	0.0	0.006739130434782609	0.0	0.0	0.0	0.04931231130493123	0.0	0.0	0.0	0.013277081523762254
k__Bacteria;p__Proteobacteria;c__Betaproteobacteria;o__Burkholderiales;f__Comamonadaceae;g__Comamonas	0.0	0.0	0.0	0.0	0.0	0.0	0.0	0.0	0.0	0.0	0.0	0.0	0.0	0.0	0.0	0.0	0.0	0.0	0.0	0.0008968609865470852	0.0	0.0	0.0	0.0	0.0	0.0	0.0	0.0	0.005459734458369525
k__Bacteria;p__Proteobacteria;c__Betaproteobacteria;o__Burkholderiales;f__Oxalobacteraceae;g__	0.0	0.0	0.0	0.0	0.0	0.0	0.0	0.0	0.0	0.0	0.0	0.0	0.0	0.0	0.0	0.0	0.0	0.0	0.0038493723849372385	0.0	0.0	0.0	0.0	0.0	0.0	0.0	0.0	0.0	0.0
k__Bacteria;p__Proteobacteria;c__Betaproteobacteria;o__Burkholderiales;f__Sutterellaceae;g__Parasutterella	0.017064099759352438	0.039632672788786856	0.0	0.004053141184417923	0.0006893834941894819	0.0	0.0	0.0	0.0018090452261306533	0.011349878934624698	0.001173881144534116	0.0	0.02274381368267831	0.0	0.0	0.001342281879194631	0.014391940513312544	0.00023446658851113716	0.00016736401673640169	0.0	0.0008695652173913044	0.03224341507720254	0.0	0.0	0.0006709158000670916	0.0	0.0	0.0008288437629506838	0.0
k__Bacteria;p__Proteobacteria;c__Betaproteobacteria;o__Burkholderiales;f__Sutterellaceae;g__Sutterella	0.0	0.0	0.007077435470441299	0.002026570592208962	0.00846956864289935	0.007688364941055868	0.01615989793748671	0.1630870899221147	0.0	0.0	0.010418195157740279	0.0	0.0	0.011666666666666665	0.01747781661737026	0.010738255033557046	0.0	0.005861664712778429	0.004686192468619246	0.004185351270553065	0.0	0.0	0.017463933181473046	0.0038281582305401958	0.01107011070110701	0.004436932178322417	0.03851333153784002	0.02217157065893079	0.0026057823551309096
k__Bacteria;p__Proteobacteria;c__Deltaproteobacteria;o__Desulfovibrionales;f__Desulfovibrionaceae;g__Desulfovibrio	0.0	0.0	0.0	0.00011258725512272011	0.00019696671262556627	0.0007688364941055869	0.0	0.0	0.0	0.0	0.0	0.0005159958720330237	0.0	0.0004761904761904762	0.0	0.0	0.0	0.00023446658851113716	0.0	0.0	0.0002173913043478261	0.0	0.0	0.0002126754572522331	0.0	0.0004225649693640397	0.0	0.0008288437629506838	0.0
k__Bacteria;p__Proteobacteria;c__Gammaproteobacteria;o__Aeromonadales;f__Succinivibrionaceae;g__Anaerobiospirillum	0.0	0.0	0.0	0.0	0.0	0.0	0.0	0.0	0.0	0.0	0.0	0.0	0.0	0.0	0.0	0.0	0.0	0.0	0.0	0.0	0.0	0.0	0.0	0.0	0.0	0.03422776251848722	0.0	0.0	0.0
k__Bacteria;p__Proteobacteria;c__Gammaproteobacteria;o__Aeromonadales;f__Succinivibrionaceae;g__Succinivibrio	0.0	0.0	0.0	0.0	0.0	0.0	0.0	0.0	0.0	0.0	0.0	0.0	0.0	0.0	0.0	0.0	0.0	0.0	0.0	0.0	0.0	0.0	0.0	0.0	0.0	0.0	0.0	0.0	0.11366174463332919
k__Bacteria;p__Proteobacteria;c__Gammaproteobacteria;o__Enterobacteriales;f__Enterobacteriaceae;g__	0.00010938525486764385	0.00467214435314967	0.0006244796003330558	0.00011258725512272011	0.0016742170573173134	0.0012813941568426447	0.0978099085689985	0.029974038234599952	0.002613065326633166	0.0012106537530266344	0.012472487160674983	0.04592363261093911	0.03329694323144104	0.0	0.0005377789728421619	0.0	0.002638522427440633	0.0018757327080890973	0.0010041841004184101	0.005680119581464873	0.01	0.007720254314259763	0.026195899772209565	0.0002126754572522331	0.0	0.00021128248468201986	0.0035012119579854563	0.00849564857024451	0.0011167638664846755
k__Bacteria;p__Proteobacteria;c__Gammaproteobacteria;o__Enterobacteriales;f__Enterobacteriaceae;g__Raoultella	0.0	0.0	0.0	0.0	9.848335631278314e-05	0.0	0.00106315118009781	0.0	0.0	0.0	0.0	0.0	0.001819505094614265	0.0	0.0	0.0	0.0	0.0	0.0	0.00029895366218236175	0.0017391304347826088	0.0	0.00037965072133637056	0.0	0.0	0.0	0.0	0.0	0.0
k__Bacteria;p__Proteobacteria;c__Gammaproteobacteria;o__Enterobacteriales;f__Enterobacteriaceae;g__Yersinia	0.0	0.00016110842597067828	0.0	0.0	0.0	0.0	0.0	0.0002360160490913382	0.0	0.0	0.0	0.0	0.0	0.0	0.0	0.0	0.0	0.0	0.0	0.0	0.01	0.0	0.0	0.0	0.0	0.0	0.0	0.0	0.0
k__Bacteria;p__Proteobacteria;c__Gammaproteobacteria;o__Pasteurellales;f__Pasteurellaceae;g__	0.0	0.0006444337038827131	0.00020815986677768527	0.00033776176536816035	9.848335631278314e-05	0.0	0.0	0.013688930847297616	0.0016080402010050252	0.0	0.000293470286133529	0.0005159958720330237	0.0	0.0	0.0	0.00044742729306487697	0.0011993283761093788	0.0	0.0	0.00029895366218236175	0.0004347826086956522	0.0	0.00037965072133637056	0.0	0.0	0.0	0.0	0.0	0.00012408487405385284
k__Bacteria;p__Proteobacteria;c__Gammaproteobacteria;o__Pasteurellales;f__Pasteurellaceae;g__Haemophilus	0.0002187705097352877	0.0014499758337361045	0.0	0.0	0.0004924167815639157	0.0	0.0	0.004248288883644088	0.001206030150753769	0.0003026634382566586	0.000293470286133529	0.0	0.0	0.0007142857142857143	0.0	0.0	0.0007195970256656273	0.00023446658851113716	0.0	0.003288490284005979	0.0002173913043478261	0.0	0.0	0.0	0.0	0.0	0.0	0.0004144218814753419	0.0009926789924308227
k__Bacteria;p__Tenericutes;c__Mollicutes;o__;f__;g__	0.0	0.0	0.0	0.01047061472641297	0.012113452826472327	0.008200922603792926	0.0	0.0	0.0	0.0006053268765133172	0.002054292002934703	0.0025799793601651187	0.0	0.024523809523809524	0.0	0.00044742729306487697	0.0	0.00023446658851113716	0.0	0.0	0.0	0.0	0.0	0.0	0.0	0.0	0.0	0.0	0.0002481697481077057
k__Bacteria;p__Tenericutes;c__Mollicutes;o__Acholeplasmatales;f__Acholeplasmataceae;g__Acholeplasma	0.0	0.0	0.0	0.0	0.0	0.0	0.0	0.0	0.0	0.0	0.0	0.0	0.0	0.0	0.0	0.0	0.020148716718637563	0.008440797186400938	0.0	0.0	0.0	0.0	0.0	0.0002126754572522331	0.0	0.0	0.0	0.0	0.0
k__Bacteria;p__Tenericutes;c__Mollicutes;o__Anaeroplasmatales;f__Anaeroplasmataceae;g__Anaeroplasma	0.0	0.0	0.0	0.0	0.0	0.0	0.0	0.0	0.04221105527638191	0.0	0.0	0.0	0.0	0.0	0.0	0.0	0.0	0.0	0.0	0.0	0.0	0.0	0.0	0.0	0.0	0.0	0.0	0.0	0.0
k__Bacteria;p__Tenericutes;c__Mollicutes;o__Anaeroplasmatales;f__Anaeroplasmataceae;g__Asteroleplasma	0.0	0.004188819075237635	0.0	0.0012384598063499212	0.0	0.0015376729882111738	0.0	0.0	0.0	0.0	0.020102714600146735	0.0	0.0	0.0	0.0	0.0022371364653243847	0.0	0.007268464243845252	0.0	0.0017937219730941704	0.0	0.0	0.0	0.008081667375584857	0.0	0.0	0.0	0.0	0.00012408487405385284
k__Bacteria;p__Verrucomicrobia;c__Verrucomicrobiae;o__Verrucomicrobiales;f__Verrucomicrobiaceae;g__Akkermansia	0.0	0.0	0.00020815986677768527	0.0	0.00019696671262556627	0.0	0.0	0.0	0.0	0.0	0.0016140865737344094	0.0	0.0	0.0	0.0016133369185264857	0.0	0.0	0.0	0.0	0.0	0.0	0.0	0.0	0.0	0.0	0.0	0.0	0.0	0.0
